Date,Time,DST,disturbance_date,Disturbance_time,B(IMF),Vector_B,Lat_angle_B,Long_angle_B,Bz(GSE),Bz(GSM),RMS_magnitude,RMS_field_vector,RMS_BZ_GSE,Plasma_Temp,Proton_Density,Plasma_speed,Alpha/proton,sigma-T,sigma-n,sigma-V,sigma-ratio,flow_pressure,E_field,Plasma_beta,Kp_index,Ap_index
2000/01/18,17:54:05,-97.5,23/01/2000,03:00:00,13.5,4.6,44.1,253.7,3.2,2.1,0.6,12.2,10.4,99728,29.1,389,9.999,13029,3.6,2,9.999,8.81,-0.82,1.52,57,67
2000/01/27,19:31:17,-42.5,28/01/2000,13:00:00,6,5,33.4,142.6,2.8,3.1,0.4,2.8,2,405195,1.8,761,0.041,29793,0.1,22,0.006,2.03,-2.36,1.11,43,32
2000/01/28,20:12:41,-42.5,12/02/2000,11:00:00,20.6,16,-5,292.4,-1.4,-3.6,1.7,12.1,10.3,139433,13,569,0.095,52132,2.3,16,0.027,9.7,2.05,0.34,67,111
2000/02/08,09:30:05,-132.5,,,,,,,,,,,,,,,,,,,,,,,,
2000/02/09,19:54:17,-132.5,,,,,,,,,,,,,,,,,,,,,,,,
2000/02/10,02:30:05,-132.5,,,,,,,,,,,,,,,,,,,,,,,,
2000/02/12,04:31:20,-133,,,,,,,,,,,,,,,,,,,,,,,,
2000/02/17,21:30:08,-30,24/02/2000,15:00:00,6.3,4.2,22.8,159.1,1.6,1.9,0.3,4,2.5,331291,2.3,736,0.055,17280,0.2,12,0.007,2.54,-1.4,1.11,40,27
2000/02/28,10:54:05,-42.5,01/03/2000,15:00:00,7.7,7.6,-28.8,19,-3.6,-2.7,0.3,1.3,0.8,27338,4.8,444,0.028,7074,1.1,5,0.007,1.76,1.2,0.52,33,18
2000/03/01,03:30:05,-42.5,,,,,,,,,,,,,,,,,,,,,,,,
2000/03/29,10:54:30,-60,31/03/2000,11:00:00,7.1,7,-44.5,275.9,-4.9,-5.9,0.2,1,0.5,22474,7.9,397,0.104,1669,0.8,2,0.007,2.94,2.34,0.98,37,22
2000/04/04,16:32:37,-286.6666667,07/04/0200,00:00:00,24.6,18.9,-14.2,303.3,-4.7,-12.1,1.5,15,11.8,263919,29.6,571,0.073,40557,5.1,9,0.014,20.82,6.91,0.8,87,300
2000/04/07,01:31:21,-288,,,,,,,,,,,,,,,,,,,,,,,,
2000/04/10,00:30:05,-65,10/04/2000,01:00:00,5.5,5.4,-39.8,303.5,-3.4,-4.7,0.1,0.7,0.4,152369,1.5,539,9.999,10293,0.1,6,9.999,0.87,2.53,0.58,37,22
2000/04/23,12:54:05,-60,,,,,,,,,,,,,,,,,,,,,,,,
2000/05/03,02:06:05,-35,12/05/2000,08:00:00,9.5,9.4,-61,352,-8.3,-8.3,0.3,1.1,0.6,9999999,999.9,309,0.01,9999999,999.9,4,0.001,99.99,2.56,999.99,40,27
2000/05/05,15:50:05,-30,,,,,,,,,,,,,,,,,,,,,,,,
2000/05/07,20:50:07,-35,,,,,,,,,,,,,,,,,,,,,,,,
2000/05/12,23:26:05,-92.5,17/05/2000,05:00:00,8.2,7.8,34.6,144.4,4.5,5.2,0.4,1.8,1.5,36393,11.8,505,0.031,3811,2,7,0.004,5.65,-2.63,1.2,60,80
2000/05/22,01:50:05,-147.5,24/05/2000,08:00:00,18,17.4,-24.1,302.5,-7.1,-7.5,0.4,3.7,1.2,345572,3.7,643,0.118,53613,2,33,0.017,3.76,4.82,0.23,60,80
2000/05/24,09:06:05,-147,,,,,,,,,,,,,,,,,,,,,,,,
2000/06/06,15:54:05,-90,08/06/2000,19:00:00,15.2,15.1,-13.5,199.8,-3.5,-4.5,0.1,1.3,1,171978,2.4,761,0.135,33598,0.4,4,0.052,3.57,3.42,0.13,60,80
2000/06/10,17:08:05,-52.5,10/06/2000,07:00:00,7.6,7.5,-46.9,145.9,-5.5,-5.6,0.1,1.2,0.4,139976,1,576,9.999,40252,0.2,7,9.999,0.66,3.23,0.19,37,22
2000/07/07,10:26:05,-25,12/07/2000,01:00:00,8.4,8.1,11,136.7,1.5,1.5,0.7,1.8,1.3,32816,6.8,541,0.071,8948,3.5,4,0.031,4.27,-0.81,0.65,37,22
2000/07/11,13:27:23,-300,16/07/2000,01:00:00,47.4,47.3,14,48.5,11.5,10.5,0.4,3.1,2.9,389399,2.1,1012,9.999,0,0,0,9.999,4.3,-10.63,0.02,77,179
2000/07/14,10:54:07,-301,,,,,,,,,,,,,,,,,,,,,,,,
2000/07/25,03:30:05,-70,30/07/2000,11:00:00,9.3,9.2,-55.2,156.3,-7.5,-7.7,1.9,2.5,1.3,41469,11.2,459,0.062,18348,5.3,6,0.02,4.92,3.53,0.91,57,67
2000/07/27,19:54:06,-70,,,,,,,,,,,,,,,,,,,,,,,,
2000/08/09,16:30:05,-234.2168675,12/08/20000,09:00:00,33.6,33.3,-24.6,91.1,-13.9,-26.6,0.4,3.8,2.1,32869,4.7,613,9.999,6178,1.6,7,9.999,3.53,16.31,0.03,77,179
2000/08/11,07:31:25,-106,12/08/2000,19:00:00,21.8,21.5,18.8,102.2,6.9,2.9,0.3,2.3,1.2,60503,9,554,9.999,5744,1.2,7,9.999,5.52,-1.61,0.15,63,94
2000/08/12,10:35:14,-235,,,,,,,,,,,,,,,,,,,,,,,,
2000/09/12,11:54:05,-196.626506,17/09/2000,23:00:00,27.5,8.5,-43.5,151.3,-5.8,-6.3,5,25.9,10,673861,11.3,795,0.08,262509,2.4,8,0.027,15.74,5.01,0.5,83,236
2000/09/12,17:30:05,-196.626506,,,,,,,,,,,,,,,,,,,,,,,,
2000/09/16,05:18:14,-199.5180723,,,,,,,,,,,,,,,,,,,,,,,,
2000/09/17,23:50:05,-201,,,,,,,,,,,,,,,,,,,,,,,,
2000/10/02,03:50:05,-182.5,05/10/2000,13:00:00,11.8,10.8,-75.8,334.7,-10.4,-8.4,1.8,4.8,1.8,110403,18.4,524,0.065,29082,3.4,10,0.014,10.63,4.4,1.31,77,179
2000/10/02,20:26:05,-182.5,,,,,,,,,,,,,,,,,,,,,,,,
2000/10/05,10:26:05,-182,,,,,,,,,,,,,,,,,,,,,,,,
2000/10/10,00:26:05,-107.5,14/10/2000,14:00:00,13.1,12.3,-44.5,147.9,-8.6,-9.8,0.5,4.1,3.3,42363,5.3,413,0.071,30070,1.5,8,0.019,1.94,4.05,0.22,50,48
2000/10/16,07:27:21,-40,24/10/2000,12:00:00,5.5,4.7,-54,116.2,-3.8,-4.5,0.5,2.6,1.3,82329,3,438,0.034,15609,0.4,7,0.008,1.09,1.97,0.87,27,12
2000/10/24,08:26:05,-127.5,29/10/2000,03:00:00,17.6,17.5,-50.4,123.1,-13.5,-15.6,0.1,0.8,0.4,8717,3.6,404,0.052,1413,1,2,0.005,1.19,6.3,0.07,60,80
2000/10/25,08:26:05,-127.5,,,,,,,,,,,,,,,,,,,,,,,,
2000/11/01,16:26:08,-160,06/11/2000,21:00:00,10.2,9.2,35.6,96.9,5.3,4.4,0.2,4.3,3.3,59011,14.4,570,0.012,1729,1.9,5,0.001,8.19,-2.51,1.08,57,67
2000/11/03,18:26:06,-160,,,,,,,,,,,,,,,,,,,,,,,,
2000/11/08,04:50:23,-95,10/11/2000,12:00:00,12.7,12.1,-2.6,335.8,-0.6,1.6,1.3,3.8,2.6,1049036,4.3,865,0.011,134995,0.5,11,0,5.61,-1.38,1.31,53,56
2000/11/15,23:54:05,-27.5,20/11/2000,18:00:00,6.4,5.2,-2.6,106.7,-0.2,-0.8,0.3,3.4,2.8,90642,5.2,376,0.039,8083,0.7,9,0.006,1.42,0.3,1.16,23,9
2000/11/23,06:06:05,-80,27/11/2000,01:00:00,16.6,5.8,9.2,41.5,0.9,0.8,5.1,14.7,7.6,329882,11.1,618,0.053,79107,2.6,30,0.014,8.58,-0.49,0.77,63,94
2000/11/24,05:30:05,-120,29/11/2000,13:00:00,8.9,8.8,-29.1,37.8,-4.3,-5.5,0.2,1.4,0.9,55650,7.6,487,0.152,2685,1,3,0.011,4.84,2.68,0.73,50,48
2000/11/24,15:30:05,-120,,,,,,,,,,,,,,,,,,,,,,,,
2000/11/24,22:06:05,-120,,,,,,,,,,,,,,,,,,,,,,,,
2000/11/25,01:31:58,-120,,,,,,,,,,,,,,,,,,,,,,,,
2000/11/25,09:30:17,-120,,,,,,,,,,,,,,,,,,,,,,,,
2000/11/25,19:31:57,-120,,,,,,,,,,,,,,,,,,,,,,,,
2000/11/26,17:06:05,-120,,,,,,,,,,,,,,,,,,,,,,,,
2000/12/06,17:26:05,-25,09/12/2000,05:00:00,5.8,4.4,-5.3,332.5,-0.4,-0.1,0.3,3.3,2.5,166364,3.3,644,0.042,12651,0.3,16,0.004,2.67,0.06,1.2,37,22
2000/12/13,16:26:05,-25,18/12/2000,20:00:00,5.3,4.4,3.2,122.1,0.2,0.7,0.6,2.7,2.5,69286,6.7,361,0.068,7533,0.3,2,0.007,1.85,-0.25,1.96,27,12
2000/12/14,17:06:05,-25,,,,,,,,,,,,,,,,,,,,,,,,
2000/12/18,11:50:05,-62.5,23/12/2000,04:00:00,13.4,13.2,-73.1,30,-12.7,-12.6,0.2,2.2,0.3,9999999,999.9,312,0.01,9999999,999.9,5,0.002,99.99,3.93,999.99,57,67
2000/12/28,12:06:05,-20,28/12/2000,08:00:00,9,8.9,-14.4,308.2,-2.2,-1.4,0.1,1.2,0.9,31492,3,339,0.022,5951,0.4,7,0.005,0.63,0.47,0.25,13,5
2001/01/10,00:54:05,-30,12/01/2001,10:00:00,6,5.8,-36,149.3,-3.4,-3.5,0.1,1,0.7,21513,3,358,0.035,3988,0.3,2,0.006,0.73,1.25,0.52,17,6
2001/01/20,19:31:50,-60,24/01/2001,18:00:00,6.5,6.2,-66.5,70.6,-5.7,-4.7,0.5,1.6,0.9,25396,3.5,436,0.057,4539,0.9,3,0.008,1.36,2.05,0.53,47,39
2001/01/20,21:30:08,-60,,,,,,,,,,,,,,,,,,,,,,,,
2001/01/23,04:54:05,-60,,,,,,,,,,,,,,,,,,,,,,,,
2001/01/28,15:54:05,-45,31/01/2001,18:00:00,7.5,7,-43.6,143.7,-4.8,-3.5,0.4,2.4,1.1,168078,8.7,417,0.067,15365,0.4,4,0.01,3.2,1.46,1.91,40,27
2001/02/02,14:54:05,-30,06/02/2001,08:00:00,14.7,11.5,-9.1,134.5,-1.8,-0.5,1.4,8.9,6.8,174639,12.7,389,0.099,37816,1.5,10,0.022,4.48,0.19,0.74,43,32
2001/02/10,05:54:05,-50,13/02/2001,21:00:00,5.7,5.4,-63.3,181.1,-4.9,-4.3,0.6,1.8,1.3,223233,4.1,532,0.031,20658,0.3,12,0.005,2.18,2.29,1.85,47,39
2001/02/11,01:31:48,-50,,,,,,,,,,,,,,,,,,,,,,,,
2001/02/15,13:54:05,-25,21/02/2001,09:00:00,4.2,3.4,-33.8,88.5,-1.9,-1.3,0.2,2.3,1.7,52793,5.2,357,9.999,7530,0.3,6,9.999,1.33,0.46,2.22,20,7
2001/03/18,02:26:05,-150,20/03/2001,13:00:00,20.9,20.9,-61.4,192.2,-18.4,-18.3,0.1,0.8,0.3,9141,5.9,389,0.095,1052,0.5,2,0.023,2.06,7.12,0.08,73,154
2001/03/19,05:26:05,-150,,,,,,,,,,,,,,,,,,,,,,,,
2001/03/24,20:50:05,-87.5,28/03/2001,15:00:00,5.1,5,-19.5,350.8,-1.7,-1.9,0.1,1,0.8,40884,1.6,606,0.111,7197,0.4,2,0.013,1.42,1.15,0.43,57,67
2001/03/25,17:06:05,-87.5,,,,,,,,,,,,,,,,,,,,,,,,
2001/03/28,01:27:27,-388.3516484,31/03/2001,08:00:00,37.6,33.1,22.6,113.1,12.7,19.4,0.8,17.1,16,213380,17.5,644,0.13,25689,2.6,20,0.034,18.42,-12.49,0.18,87,300
2001/03/28,12:50:05,-388.3516484,,,,,,,,,,,,,,,,,,,,,,,,
2001/03/29,10:26:05,-388.3516484,,,,,,,,,,,,,,,,,,,,,,,,
2001/04/01,11:26:06,-225.5421687,,,,,,,,,,,,,,,,,,,,,,,,
2001/04/05,17:06:05,-62.5,04/04/2001,06:00:00,9.8,8.6,-32.2,351.5,-4.6,-4.7,0.3,3.9,1.4,392488,1.9,645,0.04,30311,0.3,11,0.01,1.53,3.03,0.43,40,27
2001/04/06,19:30:02,-266.6666667,11/04/2001,23:00:00,34.5,33.1,-6,271,-3.5,-20.5,0.5,9.6,8.6,241936,7.3,725,0.082,25221,5.3,11,0.022,8.51,14.86,0.09,83,236
2001/04/09,15:54:02,-270,,,,,,,,,,,,,,,,,,,,,,,,
2001/04/10,05:30:00,-270,,,,,,,,,,,,,,,,,,,,,,,,
2001/04/11,13:31:48,-270,,,,,,,,,,,,,,,,,,,,,,,,
2001/04/12,10:31:29,-234.2168675,12/04/2001,00:00:00,31.4,31.3,14,281.9,7.6,-8.9,1.5,2,0.9,283404,2.2,722,0.083,41722,1.4,8,0.018,2.55,6.43,0.04,73,154
2001/04/18,02:30:05,-115,18/04/2001,06:00:00,9.1,2.7,-6.7,62.9,-0.3,0.4,1.8,8.5,6.3,289065,26.4,513,0.028,12867,2.3,6,0.003,12.9,-0.21,5.54,67,111
2001/04/26,12:30:05,-47.5,29/04/2001,02:00:00,9.8,9.5,-55.9,150.8,-7.9,-6.1,0.1,2,0.6,23256,3.2,665,0.073,2398,0.6,5,0.013,3.05,4.06,0.21,43,32
2001/06/15,15:56:27,-60,18/06/2001,08:00:00,16,13.8,-56.8,0.6,-11.6,-11.5,1.9,7.2,4.1,68050,21.8,363,0.026,13562,10.7,4,0.003,5.3,4.17,0.7,50,48
2001/06/20,19:54:05,-30,21/06/2001,19:00:00,4.9,4.6,22.1,127.8,1.7,2.1,0.1,1.5,1.4,207215,1.3,481,0.057,12725,0.1,6,0.006,0.62,-1.01,0.76,37,22
2001/06/24,07:31:52,-20,27/06/2001,00:00:00,6.7,6.1,-56.1,296.7,-5.1,-5.5,0.3,2.7,1.7,108143,2.7,492,0.025,10411,0.2,6,0.003,1.2,2.71,0.59,37,22
2001/08/14,16:01:28,-105,17/08/2001,21:00:00,29.8,23.3,41.4,119,15.4,12.7,4.8,18.2,6.1,96760,23.4,485,0.039,33998,25,16,0.012,10.63,-6.16,0.25,63,94
2001/08/15,23:54:05,-105,,,,,,,,,,,,,,,,,,,,,,,,
2001/08/19,06:06:05,-32.5,22/08/2001,20:00:00,8.2,7.6,-42.7,320.2,-5.1,-4.3,0.1,2.7,1.7,309920,2.4,543,0.041,28509,0.2,16,0.002,1.38,2.33,0.65,40,27
2001/08/25,16:50:05,-25,26/08/2001,08:00:00,11.1,10.2,0.1,303.7,0,4.2,0.7,4.2,4,81315,5.3,418,0.064,11134,1.1,4,0.009,1.94,-1.76,0.38,30,15
2001/08/31,16:11:33,-40,31/08/2001,10:00:00,5.7,0.6,13.9,57.6,0.1,-0.2,0.5,5.6,2.5,130544,4,432,0.032,24933,1.3,10,0.004,1.41,0.09,1.33,33,18
2001/09/11,14:54:05,-57.5,13/09/2001,07:00:00,8.2,7.2,36.6,115.5,4.3,1.1,0.5,3,1.2,116908,9,395,0.055,7609,0.4,10,0.008,2.86,-0.43,1.37,47,39
2001/09/18,21:18:24,-72.5,23/09/2001,18:00:00,11.7,11.5,-38.4,33.5,-7.2,-8.4,0.3,1.5,1,200972,6.9,495,0.033,14474,0.8,7,0.007,3.2,4.16,0.69,60,80
2001/09/21,03:54:07,-102.5,26/09/2001,19:00:00,19,17.1,18.9,132.7,5.5,2.1,5.3,9.5,6.7,596999,8.1,627,0.03,191017,3.8,14,0,5.96,-1.32,0.68,57,67
2001/09/23,20:30:05,-102.5,,,,,,,,,,,,,,,,,,,,,,,,
2001/09/24,10:30:59,-102.5,,,,,,,,,,,,,,,,,,,,,,,,
2001/09/28,08:54:34,-165,03/10/2001,14:00:00,20.4,20.3,-10.8,74.9,-3.8,-12.5,0.7,2.4,2,50599,3.7,520,9.999,17356,0.7,8,9.999,2,6.5,0.07,67,111
2001/10/01,05:30:05,-165,,,,,,,,,,,,,,,,,,,,,,,,
2001/10/05,10:30:27,-65,09/10/2001,15:00:00,9.1,8.7,17.5,178.2,2.6,2.2,0.2,2.7,1.9,111662,7.2,461,0.037,10886,0.7,4,0.004,2.93,-1.01,0.87,37,22
2001/10/09,11:30:05,-70,11/10/2001,19:00:00,23.7,19.5,-14.2,280.6,-4.8,0.2,2.4,11.9,10,492486,13.5,528,0.099,27351,1.1,14,0.025,8.77,-0.11,0.62,53,56
2001/10/19,01:27:17,-187.5,21/10/2001,21:00:00,26.1,22.3,30.2,74.2,11.2,7.5,2.9,13.1,9.7,144440,22.2,608,0.049,48994,19.6,13,0.034,16.39,-4.56,0.37,77,179
2001/10/19,16:50:05,-187.5,,,,,,,,,,,,,,,,,,,,,,,,
2001/10/20,02:26:05,-187.5,,,,,,,,,,,,,,,,,,,,,,,,
2001/10/22,15:06:05,-177.5,,,,,,,,,,,,,,,,,,,,,,,,
2001/10/25,15:26:05,-157.5,28/10/2001,11:00:00,11.3,11,-14.9,77.5,-2.8,-7.5,0.3,2.2,1.2,157964,9.9,475,0.065,18221,0.9,7,0.004,4.7,3.56,0.92,47,39
2001/11/01,22:30:05,-296.6666667,06/11/2001,06:00:00,32.1,27.2,-30,223.3,-13.6,-6.2,7,17.5,10,9999999,999.9,9999,9.999,9999999,999.9,9999,9.999,99.99,999.99,999.99,70,132
2001/11/03,19:20:05,-296.6666667,,,,,,,,,,,,,,,,,,,,,,,,
2001/11/04,16:35:06,-296.6666667,,,,,,,,,,,,,,,,,,,,,,,,
2001/11/17,05:30:06,-47.5,19/11/2001,15:00:00,6.8,5.4,-48.5,125.5,-4.1,-4.7,0.1,3.8,2.4,91878,5.3,417,0.058,5102,0.4,8,0.008,1.9,1.96,1.05,33,18
2001/11/18,21:30:08,-47.5,,,,,,,,,,,,,,,,,,,,,,,,
2001/11/21,14:06:05,-219.7590361,24/11/2001,16:00:00,15.5,13.2,19.7,24.3,4.5,3.4,2.2,8.3,4.3,223387,1.4,918,0.036,235088,0.5,37,0.008,2.25,-3.12,0.09,73,154
2001/11/22,20:30:33,-219.7590361,,,,,,,,,,,,,,,,,,,,,,,,
2001/11/22,23:30:05,-219.7590361,,,,,,,,,,,,,,,,,,,,,,,,
2001/11/28,17:30:06,-32.5,05/12/2001,03:00:00,8.2,7.9,-16.9,266.7,-2.3,-1.8,0.3,1.7,1.6,116949,6.3,459,9.999,15686,0.4,4,9.999,2.65,0.83,0.96,27,12
2001/12/13,14:54:06,-40,17/12/2001,21:00:00,7,5.3,22.9,133.2,2.1,2.6,0.2,4.2,3.9,215665,2.9,459,0.066,19697,0.4,6,0.006,1.29,-1.19,0.85,17,6
2001/12/14,09:06:06,-40,,,,,,,,,,,,,,,,,,,,,,,,
2001/12/25,11:30:05,-57.5,30/12/2001,05:00:00,16.1,15.7,-3.9,76,-1.1,-0.7,0.8,3.1,2.5,52798,14.5,382,0.046,3769,4.5,4,0.005,4.18,0.27,0.42,47,39
2001/12/28,20:30:05,-57.5,,,,,,,,,,,,,,,,,,,,,,,,
2001/12/30,23:30:05,-57.5,,,,,,,,,,,,,,,,,,,,,,,,
2002/01/01,18:30:33,-47.5,01/01/2002,08:00:00,7.8,7.3,2.3,295.6,0.3,0.9,0.1,1.9,1.3,68299,4.4,468,0.03,5169,0.6,9,0.005,1.8,-0.42,0.59,23,9
2002/01/04,09:30:05,-25,08/01/2002,07:00:00,11.5,11.4,3.3,141.1,0.6,0.6,0.2,0.7,0.5,90313,6.3,385,0.03,10809,0.4,4,0.006,1.75,-0.23,0.43,37,22
2002/01/08,17:54:05,-72.5,11/01/2002,06:00:00,9,8,1.8,167.8,0.3,0.4,0.1,3.3,1.9,88640,5.1,631,0.049,13627,0.5,9,0.004,4.06,-0.25,0.57,43,32
2002/01/14,05:35:07,-25,19/01/2002,17:00:00,6.9,2.5,5.9,347.9,0.3,0.2,2.6,6.2,1.7,84837,27.8,435,0.029,16182,8.2,4,0.004,9.8,-0.09,5.18,40,27
2002/01/27,12:30:05,-32.5,01/02/2002,15:00:00,13.7,13.5,-2,294.3,-0.5,-3.1,0.3,1.8,1.3,28573,19.3,345,0.028,3822,2.3,3,0.003,4.27,1.07,0.67,27,12
2002/02/16,06:30:05,-27.5,19/02/2002,04:00:00,10.3,10.2,29.3,102.8,5,7.9,0.4,1.2,0.7,85905,2.9,371,0.023,22585,0.5,12,0.005,0.73,-2.93,0.24,10,4
2002/02/20,06:30:05,-17.5,28/02/2002,10:00:00,10.6,10.1,5.2,310.4,0.9,-0.7,0.9,3,2.7,136487,23.5,376,0.034,13621,2.2,2,0.004,6.3,0.26,2.3,30,15
2002/03/10,23:06:55,-30,,,,,,,,,,,,,,,,,,,,,,,,
2002/03/11,23:30:05,-27.5,,,,,,,,,,,,,,,,,,,,,,,,
2002/03/14,17:06:06,-37.5,19/03/2002,06:00:00,22.5,22.4,29.9,274,11.2,4.2,0.3,1.9,1.4,77320,3,421,0.095,22340,0.4,6,0.113,1.23,-1.77,0.05,33,18
2002/03/15,23:06:06,-37.5,,,,,,,,,,,,,,,,,,,,,,,,
2002/03/18,02:54:06,-37.5,,,,,,,,,,,,,,,,,,,,,,,,
2002/03/20,17:54:05,-100,24/03/2002,09:00:00,9.5,8.9,-17.3,295.1,-2.7,-4.4,0.4,1.9,1.4,77169,11.5,421,0.031,12221,0.7,6,0.003,3.83,1.85,1.09,47,39
2002/03/22,11:06:05,-100,,,,,,,,,,,,,,,,,,,,,,,,
2002/04/15,03:50:05,-150,20/04/2002,08:00:00,8.5,8.5,-15.4,171.7,-2.2,-1.9,0.2,0.8,0.6,44137,4,611,0.091,14788,0.8,6,0.01,3.4,1.16,0.4,57,67
2002/04/17,08:26:05,-150,,,,,,,,,,,,,,,,,,,,,,,,
2002/04/21,01:27:20,-75,,,,,,,,,,,,,,,,,,,,,,,,
2002/05/06,13:50:05,-110,11/05/2002,19:00:00,14.6,13.3,-14.4,245.7,-3.3,-7.6,2,5.6,4.5,144370,8.1,437,0.063,36495,2.3,14,0.021,3.23,3.32,0.43,53,56
2002/05/07,04:06:05,-110,,,,,,,,,,,,,,,,,,,,,,,,
2002/05/08,13:50:05,-110,,,,,,,,,,,,,,,,,,,,,,,,
2002/05/16,00:50:05,-57.5,19/05/2002,06:00:00,17.1,17,-19.5,165.5,-5.7,-5.1,0.5,1.6,1.1,156037,6.7,441,0.043,6327,0.3,5,0.01,2.55,2.25,0.27,40,27
2002/05/22,03:50:05,-110,23/05/2002,17,18.6,16.2,-41.6,71.9,-10.8,-7.8,1.1,8.5,4.1,665769,9.1,693,9.999,61871,2.7,69,9.999,8.74,5.41,0.87,83,236
2002/05/28,16:26:05,-35,03/06/2002,00:00:00,9.1,3,-58.3,332.5,-2.5,-2.6,0.7,8.4,5.3,147969,6.1,421,0.039,11641,0.8,7,0.011,2.09,1.09,0.85,30,15
2002/07/09,19:31:48,-35,12/07/2002,10:00:00,11.7,9.6,-2,112.3,-0.3,-3.2,2.2,6,5.1,213117,13.2,451,0.09,51209,3,17,0.017,6.1,1.44,1.37,47,39
2002/07/15,20:30:05,-35,21/07/2002,18:00:00,5.5,5.3,-37.1,107,-3.2,-3.7,0.2,1.3,1,26120,2.5,515,9.999,5935,0.5,3,9.999,1.33,1.91,0.53,33,18
2002/07/16,16:02:58,-35,,,,,,,,,,,,,,,,,,,,,,,,
2002/07/18,08:06:08,-37.5,22/07/2002,10:00:00,7.1,7,-24.3,162.1,-2.9,-3.5,0.4,0.9,0.5,161457,2.9,497,0.069,25673,0.2,6,0.017,1.53,1.74,0.69,37,22
2002/07/18,19:31:47,-37.5,,,,,,,,,,,,,,,,,,,,,,,,
2002/07/19,16:30:05,-37.5,,,,,,,,,,,,,,,,,,,,,,,,
2002/07/20,22:06:09,-37.5,,,,,,,,,,,,,,,,,,,,,,,,
2002/07/23,00:42:05,-30,27/07/2002,04:00:00,8.3,7.2,-1.7,304.1,-0.2,1.1,0.1,3.5,3.3,109874,6.7,428,0.048,7759,0.3,4,0.006,2.44,-0.47,0.96,30,15
2002/07/26,22:06:10,-30,,,,,,,,,,,,,,,,,,,,,,,,
2002/08/08,20:06:34,-42.5,10/08/2002,05:00:00,7.1,3.6,27.5,139.5,1.6,0.8,0.3,5.6,4.2,110256,7.1,458,9.999,12880,0.9,15,9.999,2.98,-0.37,1.4,47,39
2002/08/16,12:30:05,-105,21/08/2002,06:00:00,8.7,8.6,-37.5,113.3,-5.2,-7.3,0.5,1.3,0.9,18382,4,434,0.119,1946,1.5,7,0.027,1.86,3.17,0.32,53,56
2002/08/22,02:06:06,-50,22/08/2002,03:00:00,10.2,8,13.8,291.9,1.9,3.9,0.9,5.7,3.2,67928,7.5,412,0.062,16436,1.9,10,0.038,2.65,-1.61,0.59,27,12
2002/08/24,01:27:19,-45,27/08/2002,05:00:00,12,11.8,-30.9,304.3,-6,-2.2,0.2,1.5,0.9,102702,11.2,407,0.061,11081,0.4,4,0.01,3.85,0.9,0.75,37,22
2002/09/05,16:54:06,-180,08/09/2002,00:00:00,19.8,19.4,-25.8,129.4,-8.4,-11.3,1.2,3.4,2.8,285602,8.9,506,0.05,17424,1.6,7,0.009,4.57,5.72,0.39,73,154
2002/09/06,13:31:49,-180,,,,,,,,,,,,,,,,,,,,,,,,
2002/10/14,14:54:05,-100,14/10/2002,13:00:00,16.8,16.7,-72.8,310.6,-16,-12.1,0.5,1.4,0.6,59637,19.3,356,0.022,7498,2.7,3,0.012,4.44,4.31,0.53,47,39
2002/10/18,18:54:05,-40,18/10/2002,03:00:00,8.2,5.7,16.6,316.2,1.6,2.7,0.1,5.2,3.5,214383,4.1,567,0.058,25863,0.5,21,0.009,2.71,-1.53,0.87,33,18
2002/10/25,10:06:05,-90,25/10/2002,01:00:00,7,6,-29.2,130,-2.9,-3.7,0.2,2.8,1.9,297325,2.6,744,0.036,15096,0.2,16,0.004,2.75,2.75,0.94,60,80
2002/10/25,15:06:05,-90,,,,,,,,,,,,,,,,,,,,,,,,
2002/10/26,07:27:15,-65,27/10/2002,15:00:00,8.1,7.7,-7.7,107.4,-1,-3.7,0.1,1.9,1,117303,4,609,0.039,7481,0.2,13,0.004,2.86,2.25,0.62,40,27
2002/10/27,23:18:13,-65,,,,,,,,,,,,,,,,,,,,,,,,
2002/11/09,13:31:45,-42.5,13/11/2002,04:00:00,11.8,9.5,3.1,297.2,0.5,2.7,0.6,5.7,5,382890,3.5,567,0.067,31815,0.6,10,0.038,2.38,-1.53,0.53,37,22
2002/11/16,07:12:05,-127.5,21/11/2002,10:00:00,13.2,11,11.2,137.7,2.1,-1,0.7,6.5,5.3,236417,6.4,657,0.036,29869,1.3,12,0.007,5.28,0.66,0.56,53,56
2002/11/24,20:30:05,-65,27/11/2002,06:00:00,13.3,12.3,15,113.8,3.2,0,0.5,4.6,3.9,197607,13.1,545,0.028,15144,2,2,0.004,7.23,0,1,43,32
2002/12/02,17:54:05,-37.5,05/12/2002,09:00:00,5.7,4.2,21.7,127.2,1.6,0.6,0.3,3.6,2,91513,4.5,426,0.054,14864,0.4,21,0.007,1.66,-0.26,1.27,20,7
2002/12/08,23:54:05,-35,15/12/2002,00:00:00,13.1,12.7,-22.6,304.7,-4.9,-6.1,0.3,2.8,1.5,419108,2.9,504,0.105,52431,0.4,29,0.014,1.75,3.07,0.38,33,18
2002/12/19,08:54:06,-75,21/12/2002,03:00:00,7.4,5.3,-80.6,68.9,-5.2,-5.1,2.7,5.8,4.8,55567,12.9,501,0.065,24263,6.2,8,0.009,6.81,2.56,1.8,57,67
2002/12/19,22:06:05,-75,,,,,,,,,,,,,,,,,,,,,,,,
2003/03/18,13:54:05,-65,20/03/2003,20:00:00,10.6,10.2,-34,160.1,-5.7,-3.3,0.2,2.5,1.5,139024,1.8,670,0.082,64997,0.3,12,0.036,1.79,2.21,0.18,43,32
2003/03/19,02:30:05,-65,,,,,,,,,,,,,,,,,,,,,,,,
2003/05/27,06:50:05,-145,29/05/2003,23:00:00,16.5,10.1,-26.4,18.3,-4.5,-3.3,5.4,13.7,5.6,497260,51,738,0.099,51179,6.8,7,0.011,64.76,2.44,4.88,83,236
2003/05/28,00:50:05,-145,,,,,,,,,,,,,,,,,,,,,,,,
2003/05/29,01:27:12,-145,,,,,,,,,,,,,,,,,,,,,,,,
2003/05/31,02:30:19,-90,02/06/2003,08:00:00,9.8,8.6,-3.7,136.4,-0.6,-0.7,0.3,4.4,3.6,250984,5.7,714,0.033,30866,0.4,13,0.007,5.49,0.5,0.94,53,56
2003/06/15,23:54:05,-140,18/06/2003,09:00:00,16.1,15.1,-32.8,299.3,-8.2,-6.4,2.7,6.1,4.7,159261,11.9,517,0.084,110746,2.4,26,0.034,7.1,3.31,0.55,67,111
2003/06/17,23:18:14,-140,,,,,,,,,,,,,,,,,,,,,,,,
2003/08/03,00:30:05,-60,06/08/2003,06:00:00,8.9,8.1,-40.3,11.4,-5.2,-5.3,0.3,3.5,2.6,294422,7.2,476,0.067,26811,0.8,11,0.021,3.45,2.52,1.6,57,67
2003/08/14,20:06:05,-147.5,18/08/2003,15:00:00,17,16.9,-82,197.2,-16.7,-15,0.1,1.3,0.3,45625,2.5,437,9.999,8783,1,5,9.999,0.95,6.55,0.06,73,154
2003/09/21,08:30:05,-60,24/09/2003,07:00:00,7.6,5,11.2,160.1,1,0,0.2,5.4,4.2,220436,5,595,0.046,13703,0.3,15,0.004,3.5,0,1.26,50,48
2003/09/21,20:59:17,-60,,,,,,,,,,,,,,,,,,,,,,,,
2003/10/18,15:30:21,-60,21/10/2003,21:00:00,8.6,7,-24.6,124.6,-2.9,-3.8,1.1,4,3.1,412994,4.5,702,9.999,58658,0.4,19,9.999,4.44,2.67,1.37,60,80
2003/10/21,03:54:05,-60,,,,,,,,,,,,,,,,,,,,,,,,
2003/10/28,11:30:05,-384.1758242,30/10/2003,22:00:00,25,11.5,-5.5,98.1,-1.1,-2.8,6.5,22,12.7,9999999,999.9,9999,9.999,9999999,999.9,9999,9.999,99.99,999.99,999.99,90,400
2003/10/29,20:54:05,-384.1758242,,,,,,,,,,,,,,,,,,,,,,,,
2003/11/02,09:30:05,-70,04/11/2003,10:00:00,16.9,12.2,77.9,120.3,12,9.5,1.3,11.1,7.2,873117,10.8,739,9.999,75281,2.1,5,9.999,11.8,-7.02,1.58,70,132
2003/11/02,17:30:05,-70,,,,,,,,,,,,,,,,,,,,,,,,
2003/11/04,12:06:06,-70,,,,,,,,,,,,,,,,,,,,,,,,
2003/11/04,19:54:05,-70,,,,,,,,,,,,,,,,,,,,,,,,
2003/11/06,17:30:05,-62.5,11/11/2003,13:00:00,9.4,8.3,15.9,139.6,2.3,0,0.3,3.5,2.5,273719,3.4,710,9.999,21280,0.2,13,9.999,3.43,0,0.64,53,56
2003/11/07,15:54:05,-62.5,,,,,,,,,,,,,,,,,,,,,,,,
2003/11/09,06:30:05,-62.5,,,,,,,,,,,,,,,,,,,,,,,,
2003/11/11,02:30:07,-62.5,,,,,,,,,,,,,,,,,,,,,,,,
2003/11/11,13:54:05,-62.5,,,,,,,,,,,,,,,,,,,,,,,,
2003/11/12,10:54:06,-60,13/11/2003,19:00:00,8.2,7.7,1.1,188.5,0.1,0.3,0.1,2,1.4,191153,3.8,638,9.999,12126,0.3,2,9.999,3.09,-0.19,0.75,60,80
2003/11/18,08:50:05,-420.8510638,20/11/2003,20:00:00,26.5,26.4,-44.4,259,-18.5,-17.2,0.6,2.4,1.2,89151,16.7,553,9.999,5209,2.7,5,9.999,10.21,9.51,0.22,87,300
2003/11/20,08:06:05,-420.8510638,,,,,,,,,,,,,,,,,,,,,,,,
2004/01/20,00:06:05,-130,22/01/2004,13:00:00,18.3,17.8,-16.4,336.3,-5,-5.5,0.5,3.8,1.2,98877,7.2,614,9.999,18494,0.8,7,9.999,5.43,3.38,0.2,67,111
2004/01/21,04:54:05,-130,,,,,,,,,,,,,,,,,,,,,,,,
2004/01/26,15:30:05,-62.5,27/01/2004,01:00:00,9.9,9.8,-28.3,290.5,-4.7,-7.5,0.1,0.9,0.5,61910,6.7,427,9.999,3091,0.3,4,9.999,2.44,3.2,0.54,40,27
2004/04/06,13:31:43,-57.5,06/04/2004,06:00:00,10.4,10,-5.5,313,-1,-3.2,0.3,2.5,2.2,360690,3.8,534,0.034,17875,0.5,9,0.004,2.06,1.71,0.71,43,32
2004/04/08,10:30:19,-27.5,11/04/2004,02:00:00,7.4,6.9,15.6,320.6,1.9,-0.3,0.2,1.7,1.3,121146,5.8,441,0.056,15259,0.5,3,0.007,2.31,0.13,1.1,37,22
2004/04/11,11:54:05,-30,16/04/2004,08:00:00,7.4,5.9,-1.9,324.1,-0.2,-0.9,0.2,3.8,3.4,115481,6.1,418,9.999,6548,0.3,5,9.999,2.13,0.38,1.13,37,22
2004/04/29,19:27:14,-35,01/05/2004,03:00:00,8.2,8.1,-3.2,244.1,-0.5,-3.1,0.3,0.9,0.3,47109,6.8,440,0.008,11053,0.9,5,0.001,2.27,1.36,0.74,23,9
2004/05/23,11:06:06,-27.5,28/05/2004,22:00:00,6.6,6.6,-30.4,306,-3.3,-4.7,0.5,1,0.7,95218,2.8,392,0.026,14474,0.7,9,0.003,0.79,1.84,0.6,27,12
2004/06/07,00:50:05,-30,07/06/2004,23:00:00,5.7,5.1,-30.4,331,-2.6,-3.1,0.2,2.4,1.9,34124,2,420,0.036,12046,0.4,18,0.005,0.67,1.3,0.42,37,22
13/07/2004,09:30:05,-75,17/07/2004,2,15.5,14.7,32.8,118.4,8,7.2,1.6,5.1,4.5,183595,7.6,473,0.033,101197,4.1,20,0.027,3.21,-3.41,0.41,60,80
20/07/2004,13:31:52,-135,25/07/2004,16,18.4,4.3,33.2,257.4,2.3,3.1,5,18.2,12.8,324940,13.9,560,0.08,271175,5.4,9,0.02,9.61,-1.74,0.77,80,207
23/07/2004,16:06:06,-170,27/07/2004,13,20.1,19.5,-65.4,143.9,-17.7,-18.2,1.3,4.7,1,181976,2.8,842,0.064,80458,1.7,8,0.016,4.16,15.32,0.09,87,300
25/07/2004,14:54:05,-170,,,,,,,,,,,,,,,,,,,,,,,,
29/07/2004,12:06:05,-65,,,,,,,,,,,,,,,,,,,,,,,,
08/08/2004,08:54:05,-50,09/08/2004,21,10.8,8.7,-30.3,157.7,-4.4,-4.7,0.8,6.3,2.1,27095,8.1,354,0.034,6413,4.8,17,0.005,1.93,1.66,0.45,43,32
01/09/2004,15:38:12,-37.5,,,,,,,,,,,,,,,,,,,,,,,,
03/09/2004,00:30:05,-30,05/09/2004,18,11,7.7,-3.2,120.2,-0.4,-2.4,1.3,7.9,7.3,109311,8.5,330,0.026,71312,4.6,14,0.018,1.71,0.79,0.69,33,18
03/09/2004,00:54:05,-30,05/09/2004,19,12,11.9,33.4,111.4,6.5,3.8,0.2,1.7,1.4,122087,3.1,368,0.035,19669,0.4,8,0.004,0.8,-1.4,0.22,33,18
03/09/2004,10:30:18,-30,,,,,,,,,,,,,,,,,,,,,,,,
04/09/2004,06:54:05,-30,,,,,,,,,,,,,,,,,,,,,,,,
12/09/2004,00:36:06,-45,14/09/2004,22,7.9,7.7,-28.6,163.5,-3.7,-4,0.6,1.8,0.8,103750,1.9,573,0.1,48615,0.8,13,0.021,1.46,2.29,0.29,40,27
27/10/2004,10:30:25,-32.5,30/10/2004,8,7.7,6.6,-56,228.6,-5.5,-3.5,0.3,3.9,1,109650,7.6,405,0.027,8644,0.5,5,0.003,2.31,1.42,1.27,27,12
30/10/2004,06:54:05,-32.5,30/10/2004,9,6.8,6.2,-8.8,111.7,-1,-3.7,0.3,2.6,2,105398,7.1,416,0.034,6399,0.6,8,0.005,2.33,1.54,1.49,30,15
30/10/2004,16:54:05,-32.5,,,,,,,,,,,,,,,,,,,,,,,,
03/11/2004,16:06:05,-375.8241758,08/11/2004,6,25.5,25.3,-47.2,75.7,-18.5,-23.5,0.5,2.7,0.8,16622,5.5,728,0.116,4826,0.7,13,0.021,7.13,17.11,0.05,83,236
04/11/2004,09:54:05,-375.8241758,,,,,,,,,,,,,,,,,,,,,,,,
06/11/2004,01:31:51,-375.8241758,,,,,,,,,,,,,,,,,,,,,,,,
07/11/2004,16:54:05,-375.8241758,,,,,,,,,,,,,,,,,,,,,,,,
08/11/2004,03:54:05,-375.8241758,,,,,,,,,,,,,,,,,,,,,,,,
09/11/2004,17:26:06,-263.3333333,10/11/2004,10,18.7,18.6,-42.6,104.6,-12.6,-17.2,0.4,1.5,1,17262,3.6,706,0.048,4760,1.5,4,0.007,3.57,12.14,0.06,83,236
10/11/2004,02:26:05,-263.3333333,,,,,,,,,,,,,,,,,,,,,,,,
03/12/2004,00:26:05,-45,07/12/2004,2,5.9,5.5,-21.7,143.6,-2,-2,0.1,2.1,0.9,88887,2.4,499,0.048,19873,0.3,14,0.005,1.19,1,0.62,30,15
08/12/2004,20:26:05,-55,13/12/2004,2,15.1,14.9,-13.7,60.8,-3.5,-2.9,0.5,1.7,1.5,13883,3,394,9.999,2617,1.2,9,9.999,0.93,1.14,0.08,43,32
15/12/2004,17:36:05,-30,,,,,,,,,,,,,,,,,,,,,,,,
30/12/2004,22:30:05,-50,02/01/2005,9,9.1,7.5,-42.6,152.8,-5.1,-5.3,0.5,4.5,2.6,585369,2.7,773,0.05,148664,0.5,27,0.012,3.23,4.1,0.97,40,27
01/01/2005,00:54:05,-50,02/01/2005,21,13.5,11.7,24.6,138,4.8,6.5,2.4,6.6,4.5,505227,3.8,678,0.03,148301,1.1,31,0.004,3.27,-4.41,0.55,53,56
05/01/2005,15:30:06,-92.5,08/01/2005,2,21.7,21.5,1.5,66.7,0.6,5.5,0.6,3.2,2.7,39640,11.8,548,0.068,14522,2.8,6,0.01,7.53,-3.01,0.18,70,132
13/01/2005,17:54:05,-102.5,18/01/2005,8,15,7.7,-26.2,259.1,-3.4,-3.7,4.7,13.1,7.3,10000000,999.9,9999,9.999,10000000,999.9,9999,9.999,99.99,999.99,999.99,77,179
15/01/2005,06:30:05,-102.5,,,,,,,,,,,,,,,,,,,,,,,,
15/01/2005,23:06:50,-102.5,,,,,,,,,,,,,,,,,,,,,,,,
17/01/2005,09:30:05,-102.5,,,,,,,,,,,,,,,,,,,,,,,,
17/01/2005,09:54:05,-102.5,,,,,,,,,,,,,,,,,,,,,,,,
19/01/2005,08:29:39,-97.5,22/01/2005,5,17.4,16.7,-4.8,342.2,-1.4,-2.4,0.6,4.9,3.4,84793,3,835,9.999,22088,0.3,12,9.999,4.18,2,0.09,60,80
01/02/2005,11:06:07,-25,03/02/2005,8,5.9,4.5,52,210.6,3.6,3.4,1,3.7,2.6,294172,3.1,488,0.026,64804,0.6,13,0.003,1.36,-1.66,1.57,33,18
19/04/2005,22:06:05,-27.5,,,,,,,,,,,,,,,,,,,,,,,,
30/04/2005,14:26:05,-40,,,,,,,,,,,,,,,,,,,,,,,,
01/05/2005,00:50:05,-35,01/05/2005,9,5.5,5.1,-3.8,316.3,-0.3,-0.8,0.1,1.8,0.8,295634,1.4,659,0.028,47860,0.1,19,0,1.13,0.53,0.82,33,18
02/05/2005,05:26:06,-25,03/05/2005,17,3.7,2.6,-0.5,297.6,0,-0.8,0.2,2.6,0.7,147393,1.4,509,0.028,19807,0.2,17,0.005,0.67,0.41,1.17,27,12
05/05/2005,20:30:05,-110,08/05/2005,18,8.6,6.9,26.1,256.3,3,0.6,0.5,4.7,3.8,313401,5.5,764,0.047,32303,0.3,10,0.004,6.37,-0.46,1.37,53,56
06/05/2005,17:28:31,-110,,,,,,,,,,,,,,,,,,,,,,,,
10/05/2005,16:06:05,-245.7831325,15/05/2005,8,54.8,53.3,-14.7,140.4,-13.5,-10.4,1.6,12.8,11.8,827584,6,915,0.132,930107,3.4,62,0.066,12.82,9.52,0.08,83,236
11/05/2005,20:13:08,-245.7831325,,,,,,,,,,,,,,,,,,,,,,,,
13/05/2005,17:12:05,-245.7831325,,,,,,,,,,,,,,,,,,,,,,,,
26/05/2005,15:06:05,-112.5,30/05/2005,13,15.4,15.4,-52.4,251.7,-12.2,-12.2,0.1,0.8,0.3,39144,8.5,452,0.053,12692,1.3,3,0.01,3.51,5.51,0.25,73,154
03/06/2005,12:32:10,-42.5,07/06/2005,5,5.5,5,-48.7,276,-3.8,-4,0.4,2.1,0.9,267338,2.2,472,0.059,60825,0.2,5,0.012,1.01,1.89,1.2,37,22
14/06/2005,07:24:05,-42.5,15/06/2005,12,10.4,10.2,-30.7,132.4,-5.2,-6.1,0.1,1.8,1.4,16742,2.7,517,0.057,3284,0.2,5,0.01,1.48,3.15,0.15,43,32
25/06/2005,08:06:05,-35,,,,,,,,,,,,,,,,,,,,,,,,
26/06/2005,07:54:05,-25,,,,,,,,,,,,,,,,,,,,,,,,
28/06/2005,17:06:05,-15,03/07/2005,1,4.8,3.6,-5.5,312.7,-0.3,-0.5,0.1,3,1.8,135643,3,544,0.064,20783,0.3,15,0.01,1.86,0.27,1.43,30,15
05/07/2005,15:30:05,-92.5,10/07/2005,20,15.3,15.1,-45.8,130.8,-10.8,-10.6,0.5,2.7,1.4,19916,22,441,0.045,3266,7.3,4,0.017,8.43,4.67,0.58,57,67
07/07/2005,17:06:07,-92.5,,,,,,,,,,,,,,,,,,,,,,,,
09/07/2005,22:30:05,-92.5,,,,,,,,,,,,,,,,,,,,,,,,
12/07/2005,16:54:05,-77.5,,,,,,,,,,,,,,,,,,,,,,,,
13/07/2005,14:30:05,-67.5,18/07/2005,6,8.3,7.5,-58.7,32.3,-6.4,-6.7,0.4,3.5,1,59484,9.2,422,0.017,9314,1.8,6,0.007,2.92,2.83,1.04,53,56
14/07/2005,10:54:05,-67.5,,,,,,,,,,,,,,,,,,,,,,,,
17/07/2005,11:30:05,-67.5,,,,,,,,,,,,,,,,,,,,,,,,
21/07/2005,03:54:05,-42.5,28/07/2005,5,7.4,4.1,31.2,339.5,2.1,2.3,1,6.1,2.8,139353,13.3,411,0.089,17282,1.7,5,0.021,5.09,-0.95,2.7,53,56
22/07/2005,23:54:05,-25,,,,,,,,,,,,,,,,,,,,,,,,
24/07/2005,11:30:07,-40,,,,,,,,,,,,,,,,,,,,,,,,
24/07/2005,13:54:05,-40,,,,,,,,,,,,,,,,,,,,,,,,
24/07/2005,22:30:05,-40,,,,,,,,,,,,,,,,,,,,,,,,
25/07/2005,11:06:05,-40,,,,,,,,,,,,,,,,,,,,,,,,
26/07/2005,04:54:29,-40,,,,,,,,,,,,,,,,,,,,,,,,
27/07/2005,04:54:05,-40,,,,,,,,,,,,,,,,,,,,,,,,
30/07/2005,06:50:28,-22.5,04/08/2005,9,7.4,7.2,-25,141.5,-3,-4.5,0.3,2,0.4,60192,5.5,420,0.052,9799,0.5,3,0.004,1.96,1.89,0.79,20,7
22/08/2005,01:31:48,-185,24/08/2005,11,27,7.1,-30.4,283.2,-3.6,0,8,26.2,20.5,399739,45.1,635,0.088,139067,30,16,0.048,41.06,0,1.36,87,300
22/08/2005,17:30:05,-185,,,,,,,,,,,,,,,,,,,,,,,,
23/08/2005,14:54:05,-185,,,,,,,,,,,,,,,,,,,,,,,,
29/08/2005,10:54:05,-122.5,31/08/2005,19,14.3,12.2,-5.9,102.6,-1.3,-4.3,0.9,7.3,5.8,209075,10.7,412,0.1,48846,3.2,10,0.033,4.25,1.77,0.73,67,111
31/08/2005,11:30:05,-122.5,,,,,,,,,,,,,,,,,,,,,,,,
31/08/2005,22:30:05,-122.5,,,,,,,,,,,,,,,,,,,,,,,,
02/09/2005,00:30:05,-70,04/09/2005,9,6.2,4.5,-8.5,159.6,-0.7,-1.4,0.2,3.9,2.6,558240,1.2,701,9.999,200049,0.3,40,9.999,1.18,0.98,0.89,47,39
03/09/2005,03:12:05,-70,,,,,,,,,,,,,,,,,,,,,,,,
05/09/2005,09:48:05,-72.5,10/09/2005,22,5.4,4.3,-15.7,334.3,-1.2,-0.8,0.2,3,2.1,273898,2.7,748,0.04,33585,0.1,13,0.004,2.93,0.6,1.55,50,48
09/09/2005,19:48:05,-140,11/09/2005,10,14.9,14.8,-11.1,5.9,-2.8,-3.2,0.4,1.8,1.7,47252,1.2,1046,9.999,13343,0.5,18,9.999,2.63,3.35,0.04,63,94
10/09/2005,21:52:07,-140,,,,,,,,,,,,,,,,,,,,,,,,
11/09/2005,13:00:53,-140,,,,,,,,,,,,,,,,,,,,,,,,
13/09/2005,20:00:05,-87.5,13/09/2005,12,7.3,7,-17.1,44.7,-2.1,-4.3,0.4,2,1.6,99093,0.8,732,0.167,33469,0.1,13,0.025,1.19,3.15,0.14,57,67
22/10/2005,06:30:05,-37.5,25/10/2005,21,8.2,7.5,-10,162.7,-1.3,-1.7,0.4,3.4,2.7,97306,6.8,433,0.041,14482,0.8,7,0.004,2.48,0.74,0.95,37,22
07/12/2005,19:12:05,-55,11/12/2005,18,11.5,11.1,8.1,133.5,1.6,1.7,0.5,2.7,2.2,257577,3,510,0.053,42867,0.5,6,0.013,1.58,-0.87,0.36,43,32
10/02/2006,23:30:05,-7.5,,,,,,,,,,,,,,,,,,,,,,,,
01/05/2006,15:30:04,-52.5,06/05/2006,21,13.6,12.2,36.7,112,7.3,10.6,0.9,5.6,3.7,375752,10.5,520,0.072,136375,0.9,8,0.015,6.11,-5.51,1.19,47,39
14/05/2006,21:30:07,-37.5,,,,,,,,,,,,,,,,,,,,,,,,
26/05/2006,00:06:04,-17.5,,,,,,,,,,,,,,,,,,,,,,,,
06/07/2006,08:54:04,-35,14/07/2006,20,6.2,5.6,-35.6,59.2,-3.3,-3.3,0.6,2.5,1.3,260726,4.7,449,0.064,39355,0.7,4,0.013,1.99,1.48,1.98,33,18
16/08/2006,16:30:04,-80,20/08/2006,1,14.8,13.9,16.6,90.2,4,1.1,0.4,5,3.9,74318,13.5,417,0.04,17423,1,6,0.01,4.55,-0.46,0.52,53,56
31/10/2006,04:30:13,-27.5,02/11/2006,4,5.8,5.8,-3.3,48.3,-0.3,-1.6,0.1,0.7,0.5,11444,3,378,0.014,741,0.4,2,0.001,0.76,0.6,0.52,20,7
06/11/2006,17:54:04,-62.5,10/11/2006,1,14,11.9,10.8,128.4,2.2,0.8,3.1,7.7,5.4,445282,12.1,481,0.074,104946,1.5,24,0.023,6.06,-0.38,1.47,50,48
06/12/2006,20:12:05,-55,12/12/2006,5,5.8,4.6,-79,311.3,-4.5,-4.4,0.2,3.3,1.9,391614,1.8,723,9.999,130862,0.2,29,9.999,1.88,3.18,1.16,53,56
13/12/2006,02:54:04,-162.5,15/12/2006,7,12.3,12.3,-42.6,65.3,-8.3,-9.7,0.3,0.8,0.3,26486,0.7,736,9.999,3807,0.2,18,9.999,0.76,7.14,0.03,67,111
14/12/2006,22:30:04,-162.5,,,,,,,,,,,,,,,,,,,,,,,,
19/01/2007,04:30:04,-32.5,,,,,,,,,,,,,,,,,,,,,,,,
25/01/2007,06:54:04,-50,29/01/2007,21,5.3,4.5,2.8,192.4,0.2,-0.2,0.4,2.6,1.4,261421,3.3,673,0.047,38013,0.3,10,0.008,2.97,0.13,1.9,40,27
30/07/2007,04:54:04,-20,01/08/2007,21,4.3,4,-15.6,339.7,-1.1,-1,0.1,1.4,0.9,112149,1.8,619,0.033,13853,0.1,5,0.003,1.3,0.62,0.97,30,15
17/10/2008,07:31:39,-17.5,20/10/2008,0,6.9,6.1,-2.7,306.7,-0.3,0.7,0.6,3.3,2.9,79773,3.8,321,0.025,50478,1.5,6,0.006,0.72,-0.22,0.69,17,6
16/12/2009,04:30:03,-2,,,,,,,,,,,,,,,,,,,,,,,,
07/02/2010,03:54:03,-7,,,,,,,,,,,,,,,,,,,,,,,,
03/04/2010,10:33:58,-81,06/04/2010,14,8.5,7.2,-12.9,272.8,-1.6,-3.6,0.2,4.4,3.1,36187,0.7,555,9.999,11033,0.2,42,9.999,0.43,2,0.07,43,32
23/05/2010,18:06:05,-12.5,,,,,,,,,,,,,,,,,,,,,,,,
24/05/2010,14:06:05,-80,29/05/2010,12,13.8,13.8,-81.3,69.4,-13.6,-13.6,0.1,1,0.2,28113,3.4,354,0.075,4205,0.6,3,0.017,0.93,4.81,0.12,43,32
07/08/2010,18:36:06,-32.5,09/08/2010,8,6.4,5.8,-5.8,324,-0.6,0.9,0.3,2.7,2.2,48209,2.3,349,0.034,8621,0.9,13,0.006,0.53,-0.31,0.41,17,6
14/08/2010,10:12:05,-20,16/08/2010,7,5.7,5.5,-4.5,114.1,-0.4,-2.5,0.1,1.3,0.9,45329,3.8,373,0.035,4951,0.1,8,0.003,1.01,0.93,0.85,10,4
31/08/2010,21:17:21,-15,03/09/2010,1,4.6,4.5,14.2,315.5,1.1,1.8,0.1,0.8,0.7,90028,1.9,422,0.044,13969,0.2,3,0.008,0.66,-0.76,0.82,13,5
14/12/2010,15:36:05,-25,15/12/2010,2,5.3,5.1,-29.5,2.9,-2.5,-2.5,0.1,1.3,0.9,134476,2.6,607,0.05,15842,0.1,7,0.005,1.92,1.52,1.01,33,18
15/02/2011,02:24:05,-32,19/02/2011,9,11.4,11.4,-22.5,187.7,-4.4,-4.6,0.1,0.9,0.7,31159,1.5,483,0.075,5513,0.1,6,0.01,0.76,2.22,0.08,17,6
07/03/2011,20:00:05,-82.5,11/03/2011,5,8.4,8.3,-53.9,307.6,-6.7,-7.7,0.1,1,0.5,48611,5,394,0.033,4149,0.7,4,0.004,1.47,3.03,0.52,53,56
21/03/2011,02:24:05,-17.5,22/03/2011,0,7.3,7,17.9,277.5,2.2,-1.7,0.1,1.8,1.4,45441,5.3,336,0.028,5791,0.4,0,0.002,1.11,0.57,0.72,33,18
26/03/2011,06:24:05,-7.5,,,,,,,,,,,,,,,,,,,,,,,,
24/04/2011,21:24:09,-17.5,29/04/2011,21,14.5,13.1,2.8,293.9,0.6,-5.2,2.4,6.4,3,56136,12.9,455,0.007,15385,8.6,18,0.003,4.58,2.37,0.47,53,56
02/06/2011,08:12:06,-45,05/06/2011,5,18.1,17.6,69.7,251.8,16.5,15.9,0.7,4,1,71676,7.1,533,0.052,19418,3.7,6,0.015,4.07,-8.47,0.18,37,22
04/06/2011,06:48:06,-45,,,,,,,,,,,,,,,,,,,,,,,,
04/06/2011,22:05:02,-45,,,,,,,,,,,,,,,,,,,,,,,,
07/06/2011,06:49:12,-40,08/06/2011,4,4.9,4.2,-9.4,311.8,-0.7,-1,0.6,2.6,2.4,374058,3.5,487,0.011,31630,0.3,6,0,1.45,0.49,3.05,37,22
07/06/2011,19:16:26,-40,09/06/2011,21,8.6,8.4,-28.6,323.9,-4,-5,0.9,2.1,1,107646,1.8,338,0.346,33987,0.5,8,0,0.82,1.69,0.24,23,9
13/06/2011,04:24:06,-15,,,,,,,,,,,,,,,,,,,,,,,,
21/06/2011,03:16:10,-30,23/06/2011,20,5.5,4.6,-14.2,32.6,-1.1,-0.7,0.4,3,2.1,114642,2.9,621,0.053,19043,0.3,10,0.007,2.26,0.43,0.97,33,18
25/07/2011,18:12:05,-37.5,,,,,,,,,,,,,,,,,,,,,,,,
26/07/2011,10:12:06,-40,30/07/2011,22,14.1,14,-11.7,289.3,-2.8,-1.8,0.2,1.4,1.2,78394,4.6,468,0.015,33264,0.9,4,0.005,1.78,0.84,0.2,40,27
03/08/2011,14:00:07,-115,06/08/2011,3,12.1,10.9,-8.3,332.9,-1.6,-0.5,0.4,5.1,3,489175,8.5,566,0.04,75153,1.1,10,0.015,5.28,0.28,1.49,50,48
04/08/2011,04:12:05,-115,,,,,,,,,,,,,,,,,,,,,,,,
09/08/2011,08:12:06,-35,,,,,,,,,,,,,,,,,,,,,,,,
23/08/2011,23:58:18,-25,27/08/2011,16,5,4.9,-37.6,19.7,-3,-3.3,0.1,1,0.6,29353,2.5,360,0.012,9896,0.4,6,0.002,0.57,1.19,0.66,17,6
06/09/2011,23:05:57,-75,10/09/2011,4,12.2,11.7,-29.9,236.4,-5.9,-2.3,2,3.5,1.3,82282,999.9,505,9.999,42215,999.9,10,9.999,99.99,1.16,999.99,47,39
22/09/2011,10:48:06,-117.5,26/09/2011,23,12.1,12,-16.3,170.3,-3.4,-3.8,0.4,1.7,0.6,150519,1.9,651,0.023,53517,0.3,11,0.005,1.47,2.47,0.15,53,56
24/09/2011,12:48:07,-118,,,,,,,,,,,,,,,,,,,,,,,,
24/09/2011,19:36:06,-117.5,,,,,,,,,,,,,,,,,,,,,,,,
01/10/2011,20:48:05,-42.5,05/10/2011,14,13.2,12.5,-30.4,122.8,-6.3,-9.9,0.5,4,2.7,23658,4.3,450,0.023,3979,1.1,10,0.008,1.59,4.46,0.16,37,22
04/10/2011,13:25:51,-45,09/10/2011,11,6.5,6.2,-45.3,357.6,-4.4,-3.6,0.4,2,0.6,39582,10.5,320,0.046,5752,0.7,3,0.005,2.13,1.15,1.74,17,6
22/10/2011,01:25:53,-147.5,,,,,,,,,,,,,,,,,,,,,,,,
22/10/2011,10:24:05,-147.5,25/10/2011,1,21.3,14.9,-20.1,76.8,-5.1,-8,1.8,14.9,11,92554,10.8,514,0.043,41653,6,12,0.011,5.58,4.11,0.22,73,154
27/10/2011,12:00:06,-66,01/11/2011,15,11.2,10.9,6.9,79.8,1.3,-2.6,0.1,2.3,1.8,53299,6.5,421,0.03,15475,0.5,10,0.003,2.15,1.09,0.39,40,27
03/11/2011,23:30:05,-40,05/11/2011,2,7.3,6.9,-14.6,101.2,-1.7,-3.1,0.2,2.2,0.8,29130,3.3,320,0.033,12721,0.8,19,0.012,0.64,0.99,0.41,17,6
04/11/2011,01:25:29,-40,,,,,,,,,,,,,,,,,,,,,,,,
09/11/2011,13:36:05,-13,10/11/2011,23,4.1,3.3,6.6,298.5,0.4,0.7,0.2,2.4,2.1,91272,4.3,379,0.013,7498,0.2,4,0.003,1.09,-0.27,2.34,10,4
13/11/2011,18:36:05,-27.5,15/11/2011,16,4.9,3.9,-15.5,5.2,-1,-1,0.7,2.9,2.2,163719,3.2,390,0.03,53019,0.7,12,0.008,0.91,0.39,1.62,17,6
17/11/2011,20:36:05,-20,21/11/2011,17,5.1,4.5,-47.5,91.5,-3.3,-3.8,1.2,2.6,1.5,30120,10.5,291,9.999,11876,1.3,11,9.999,1.78,1.11,2.66,17,6
20/11/2011,23:12:06,-25,23/11/2011,3,10.3,10,-18.5,313.1,-3.2,-2.1,0.1,2.1,1.6,187359,3.4,414,9.999,45895,0.4,12,9.999,1.17,0.87,0.42,27,12
26/11/2011,07:12:06,-25,,,,,,,,,,,,,,,,,,,,,,,,
07/12/2011,09:36:05,-27.5,10/12/2011,8,8.6,7.3,-35.4,304.4,-4.2,-2.8,0.4,4.6,3.6,144151,2.6,408,0.03,49819,0.6,21,0,0.81,1.14,0.4,27,12
21/12/2011,03:12:10,-17.5,22/12/2011,2,5.8,5.4,0.8,272,0.1,-0.5,0.3,1.7,1.5,129734,4,396,0.042,22286,0.2,6,0.008,1.22,0.2,1.28,27,12
02/01/2012,15:12:40,-35,03/01/2012,9,6.8,6.6,-39,140.2,-4.2,-4.5,0.1,1.5,0.8,80773,2.7,376,0.127,6063,0.2,6,0.023,0.96,1.69,0.51,13,5
12/01/2012,08:24:05,-20,17/01/2012,1,4.6,3.3,-3.8,340.7,-0.2,-0.6,0.6,3.2,2.1,117726,4.7,460,0.05,14350,0.3,4,0.006,1.99,0.28,2.27,30,15
16/01/2012,03:12:10,-20,,,,,,,,,,,,,,,,,,,,,,,,
19/01/2012,14:36:05,-71,22/01/2012,21,13.8,13.4,-15.3,301.6,-3.6,-7.5,1.2,3.1,1.9,295401,9.7,425,0.02,23979,1.4,6,0.008,3.16,3.19,0.9,47,39
23/01/2012,04:00:05,-75,25/01/2012,10,8.7,6.8,-10.2,95.3,-1.2,-0.8,1,5.5,4.2,374274,5.4,605,0.042,30025,0.7,7,0.006,3.86,0.48,1.49,43,32
26/01/2012,04:36:05,-37.5,,,,,,,,,,,,,,,,,,,,,,,,
27/01/2012,18:27:52,-30,,,,,,,,,,,,,,,,,,,,,,,,
02/02/2012,14:24:05,-30,04/02/2012,9,6.3,4.9,-48.8,294.6,-3.7,-4.1,0.4,3.7,2.1,152243,6.7,434,0.044,11707,0.3,6,0.005,2.48,1.78,1.97,20,7
09/02/2012,21:17:36,-37.5,14/02/2012,22,7.5,7.4,-67.8,104.2,-6.9,-4.7,0.2,1,0.4,32897,2.8,403,0.027,11507,0.8,3,0.005,0.84,1.89,0.33,40,27
10/02/2012,20:00:05,-67.5,15/02/2012,16,9,8.9,-22.2,285.1,-3.3,-5.6,0,1.3,1.1,13847,8,374,0.063,1223,0.5,1,0.005,2.34,2.09,0.58,30,15
16/02/2012,06:36:05,-62.5,19/02/2012,4,11.3,3.9,-31.4,267.5,-2,-3.1,1.9,10.7,8.1,205088,6.8,402,0.09,70227,1.4,3,0.023,2.5,1.25,0.74,57,67
23/02/2012,08:12:06,-57.5,27/02/2012,19,13.2,13,-3.2,142.2,-0.7,3.1,0.3,2,1.5,26737,3.4,476,0.035,4170,0.5,6,0.006,1.47,-1.48,0.13,53,56
29/02/2012,09:12:08,-55,02/03/2012,1,5.4,4,-45.8,324.3,-2.9,-3.3,0.1,3.5,2.2,106772,3.6,462,0.031,13668,0.4,16,0.004,1.44,1.52,1.21,30,15
04/03/2012,11:00:07,-145,09/03/2012,8,16,15.9,-49.8,156.7,-12.1,-10.6,0.3,1.7,0.8,12203,3.3,712,0.091,2728,0.7,9,0.018,3.81,7.55,0.08,80,207
05/03/2012,04:00:05,-145,,,,,,,,,,,,,,,,,,,,,,,,
07/03/2012,00:24:06,-145,,,,,,,,,,,,,,,,,,,,,,,,
07/03/2012,01:30:24,-145,,,,,,,,,,,,,,,,,,,,,,,,
10/03/2012,18:00:05,-87.5,15/03/2012,20,10.5,10.4,-19.1,107.4,-3.4,1.9,0.8,1.4,0.5,113182,3.3,778,0.028,9592,0.2,11,0.003,3.71,-1.48,0.3,50,48
13/03/2012,17:36:05,-88,,,,,,,,,,,,,,,,,,,,,,,,
18/03/2012,00:24:05,-55,,,,,,,,,,,,,,,,,,,,,,,,
21/03/2012,07:36:05,-32.5,22/03/2012,23,9.8,9.7,-41.2,180.4,-6.4,-5.4,0.1,1.4,0.7,14237,8,407,0.01,5032,0.4,2,0.002,2.3,2.2,0.49,40,27
24/03/2012,00:24:05,-67.5,28/03/2012,4,7.3,5.6,-48.9,278.4,-4.2,-5.3,1,4.6,3.3,242295,11.4,410,0.083,17620,0.7,2,0.008,4.26,2.17,3.3,43,32
26/03/2012,23:12:05,-67.5,28/03/2012,5,6.4,5,6.4,271.3,0.6,-1.3,0.9,3.9,3.1,234146,11.4,412,0.082,15554,0.8,3,0.013,4.29,0.54,4.2,43,32
28/03/2012,01:36:07,-67.5,,,,,,,,,,,,,,,,,,,,,,,,
05/04/2012,21:25:07,-65,,,,,,,,,,,,,,,,,,,,,,,,
07/04/2012,16:48:05,-42.5,,,,,,,,,,,,,,,,,,,,,,,,
07/04/2012,21:15:59,-42.5,,,,,,,,,,,,,,,,,,,,,,,,
09/04/2012,12:36:07,-60,13/04/2012,4,6,5.4,2.3,324,0.2,-1,0.3,2.4,1.6,160732,3.5,556,0.046,19653,0.4,11,0.006,2.14,0.56,1.17,50,48
27/04/2012,16:24:06,-30,,,,,,,,,,,,,,,,,,,,,,,,
12/05/2012,00:00:05,-39,16/05/2012,23,8.4,8.2,-15.4,284.9,-2.2,-5,0.2,1.6,1.3,6825,2.4,368,0.008,3160,1.1,4,0.002,0.56,1.84,0.19,37,22
17/05/2012,01:48:05,-37.5,,,,,,,,,,,,,,,,,,,,,,,,
26/05/2012,20:57:28,-17.5,,,,,,,,,,,,,,,,,,,,,,,,
14/06/2012,14:12:07,-85,17/06/2012,13,11,6.4,41,84.3,4.2,3.6,1,9,7.3,94178,17.7,414,0.09,7523,1.3,4,0.016,6.89,-1.49,1.35,60,80
23/06/2012,07:24:05,-17.5,26/06/2012,5,4.4,2.2,-36.5,183.6,-1.3,-1.3,0.4,3.7,1.8,121350,4.2,457,0.037,11438,0.3,10,0.003,1.68,0.59,2.25,27,12
28/06/2012,06:24:05,-37.5,30/06/2012,20,7.2,6.8,0.7,279,0.1,-0.5,0.2,2.2,1.4,246289,3.9,675,0.044,27565,0.2,17,0.006,3.49,0.34,1.17,37,22
02/07/2012,08:36:04,-37.5,06/07/2012,21,10.5,9.9,7.2,303.2,1.2,0.7,0.2,3.3,3.2,273325,1.7,457,0.029,70180,0.3,5,0.003,0.66,-0.32,0.26,43,32
06/07/2012,23:24:06,-77.5,09/07/2012,12,12,12,-69.2,351.7,-11.2,-10.5,0.1,0.6,0.1,238026,3.4,392,0.104,393525,1.4,4,0.058,1.24,4.12,0.36,67,111
08/07/2012,14:36:05,-77.5,,,,,,,,,,,,,,,,,,,,,,,,
11/07/2012,01:25:27,-140,15/07/2012,16,23.3,23.3,-40.9,36.2,-15.2,-16.9,0.2,1,0.6,19377,2.4,565,0.074,3384,0.3,5,0.009,1.66,9.55,0.03,60,80
12/07/2012,16:48:05,-140,15/07/2012,18,21.9,21.8,-44,44.3,-15.2,-16.2,0.2,1.3,0.6,17226,3.6,545,0.081,4297,0.7,6,0.013,2.36,8.83,0.05,70,132
18/07/2012,06:24:05,-42.5,,,,,,,,,,,,,,,,,,,,,,,,
19/07/2012,05:24:05,-30,20/07/2012,19,4.4,4,-31.1,245.5,-2.1,-1.8,0.5,1.8,0.8,96360,7,415,0.038,12432,0.3,6,0.004,2.32,0.75,3.38,23,9
23/07/2012,02:36:05,-27.5,,,,,,,,,,,,,,,,,,,,,,,,
28/07/2012,21:12:08,-35,30/07/2012,19,8.4,8.4,-23.9,342.6,-3.4,-3,0.3,1.2,0.6,89627,2.2,428,0.027,9936,0.5,7,0.002,0.75,1.28,0.28,33,18
31/07/2012,11:24:06,-30,03/08/2012,2,5.6,5.2,-7.8,308.7,-0.7,0,0.1,1.7,1.2,123037,2.6,456,0.047,16226,0.2,9,0.01,1.07,0,0.87,27,12
04/08/2012,13:36:23,-35,08/08/2012,2,9.6,9.4,12.8,326.4,2.1,3.1,0.1,2.2,1.4,109778,2.1,361,9.999,32612,0.5,11,9.999,0.55,-1.12,0.23,47,39
14/08/2012,01:25:49,-25,17/08/2012,0,4,3.9,-62.8,17.7,-3.5,-3.5,0.2,0.8,0.3,16762,4.5,483,0.025,1836,0.3,3,0.003,1.93,1.69,1.7,37,22
19/08/2012,18:36:05,-30,20/08/2012,2,4.9,4.5,-43.9,161.4,-3.1,-3.3,0.1,1.9,1.3,158107,3.2,582,0.056,17016,0.2,11,0.006,2.22,1.92,1.59,33,18
20/08/2012,21:28:11,-30,,,,,,,,,,,,,,,,,,,,,,,,
21/08/2012,14:12:06,-25,23/08/2012,10,6.9,5.7,-1.5,131,-0.1,-2.3,0.2,3.8,3,62412,4.3,389,0.025,18914,0.4,15,0.003,1.2,0.89,0.72,20,7
21/08/2012,20:24:05,-25,23/08/2012,11,6.6,6,8.8,155.8,0.9,-0.4,0.3,2.6,1.4,67532,3.6,374,0.028,18644,0.6,15,0.003,0.94,0.15,0.67,20,7
25/08/2012,16:36:05,-20,,,,,,,,,,,,,,,,,,,,,,,,
31/08/2012,20:00:05,-70,03/09/2012,10,7.7,7,-14.9,69,-1.8,-4.9,0.5,3.2,3.1,36420,10.1,295,0.041,3708,0.5,3,0.007,1.71,1.45,1.17,30,15
08/09/2012,10:00:06,-35,19/09/2012,22,5.5,5.3,-63.2,64.6,-4.7,-5.1,1.2,2,0.9,187534,12.9,418,0.028,13418,0.9,5,0.003,4.19,2.13,5.6,47,39
19/09/2012,13:25:47,-35,,,,,,,,,,,,,,,,,,,,,,,,
20/09/2012,05:48:06,-22.5,,,,,,,,,,,,,,,,,,,,,,,,
20/09/2012,15:12:10,-22.5,,,,,,,,,,,,,,,,,,,,,,,,
21/09/2012,06:24:05,-15,,,,,,,,,,,,,,,,,,,,,,,,
27/09/2012,10:12:05,-122.5,01/10/2012,4,20.7,20.2,-0.7,74.9,-0.3,-7.8,0.3,4.6,4.3,39431,5.9,394,0.024,10435,0.9,9,0.003,1.68,3.07,0.1,63,94
28/09/2012,00:12:05,-122.5,,,,,,,,,,,,,,,,,,,,,,,,
28/09/2012,10:36:05,-122.5,,,,,,,,,,,,,,,,,,,,,,,,
29/09/2012,00:12:05,-122.5,,,,,,,,,,,,,,,,,,,,,,,,
14/10/2012,00:48:05,-55,,,,,,,,,,,,,,,,,,,,,,,,
08/11/2012,02:36:06,-27.5,,,,,,,,,,,,,,,,,,,,,,,,
08/11/2012,11:00:08,-27.5,,,,,,,,,,,,,,,,,,,,,,,,
16/11/2012,00:48:06,-37.5,21/11/2012,2,5.2,3.9,-11.8,89.4,-0.8,-1.2,0.4,3.3,3,164875,3.4,444,0.043,25013,0.3,10,0.008,1.31,0.53,1.53,30,15
16/11/2012,07:24:14,-37.5,,,,,,,,,,,,,,,,,,,,,,,,
20/11/2012,12:00:07,-40,24/11/2012,9,12,11.8,42.9,124.5,8,4.9,0.5,2.3,0.8,123140,4.6,393,0.027,23201,1,5,0.004,1.31,-1.93,0.33,20,7
21/11/2012,04:24:07,-40,,,,,,,,,,,,,,,,,,,,,,,,
23/11/2012,11:00:05,-40,,,,,,,,,,,,,,,,,,,,,,,,
23/11/2012,13:48:06,-40,,,,,,,,,,,,,,,,,,,,,,,,
23/11/2012,23:24:05,-40,,,,,,,,,,,,,,,,,,,,,,,,
27/11/2012,02:36:05,-10,,,,,,,,,,,,,,,,,,,,,,,,
02/12/2012,16:36:05,-10,,,,,,,,,,,,,,,,,,,,,,,,
02/12/2012,19:00:06,-10,,,,,,,,,,,,,,,,,,,,,,,,
26/02/2013,09:12:08,-55,01/03/2013,10,13.7,6.1,-41.4,123.5,-4,-3.1,2,12.3,4.2,193457,17.5,494,0.047,20044,3.5,18,0.013,8.47,1.53,1.25,50,48
05/03/2013,03:48:05,-20,06/03/2013,2,4.3,3.8,-25.2,301.6,-1.6,-2.8,0.2,1.9,1.7,21266,6.5,333,0.016,3423,0.4,1,0.007,1.28,0.93,2.19,13,5
15/03/2013,07:12:05,-132.5,17/03/2013,20,12.4,12.2,-13.2,328.7,-2.8,-5.6,0.2,2,1.8,191131,3,590,0.046,30670,0.4,8,0.006,2.06,3.3,0.26,67,111
11/04/2013,07:24:06,-17.5,16/04/2013,22,4.1,4,-49.7,141.5,-3.1,-1.8,0.1,0.6,0.4,22042,3.1,348,0.023,4528,0.2,3,0.002,0.68,0.63,1.15,20,7
21/04/2013,07:24:07,-47.5,24/04/2013,19,12.6,12.3,4.7,299.6,1,-3.9,0.9,2.7,1.9,250702,6.4,415,0.091,34942,1,13,0.019,2.51,1.62,0.64,50,48
24/04/2013,00:48:05,-47.5,24/04/2013,20,11.1,11,-10.9,325.8,-2.1,-4.7,0.3,1.5,1.1,243538,8.3,410,0.05,28787,1,7,0.006,2.8,1.93,1.04,50,48
01/05/2013,03:12:08,-72.5,01/05/2013,18,8.3,8,-40.8,312.5,-5.2,-6.5,0.4,2.1,0.9,115960,4.5,425,0.055,22540,0.3,7,0.011,1.66,2.76,0.66,57,67
13/05/2013,02:00:05,-60,18/05/2013,4,11.2,9.2,-15.7,283.7,-2.5,-4.5,1.5,6.4,5.1,110642,14.3,423,0.042,23827,2.5,4,0.007,4.99,1.9,1.13,53,56
13/05/2013,16:07:55,-60,18/05/2013,8,9.8,9.5,-1.8,255,-0.3,-1.1,0.7,2.3,1.6,164529,7.1,426,0.022,35268,0.9,7,0.005,2.34,0.47,0.9,30,15
14/05/2013,01:25:51,-60,,,,,,,,,,,,,,,,,,,,,,,,
15/05/2013,01:48:05,-60,,,,,,,,,,,,,,,,,,,,,,,,
17/05/2013,09:12:10,-60,,,,,,,,,,,,,,,,,,,,,,,,
22/05/2013,13:25:50,-60,25/05/2013,6,3.9,3,-25.7,243.7,-1.3,-1.6,0.9,2.5,1.9,270259,6,518,0.043,16120,0.3,5,0.004,3.15,0.83,6.54,30,15
13/06/2013,04:24:07,-17.5,,,,,,,,,,,,,,,,,,,,,,,,
24/06/2013,04:00:05,-102.5,29/06/2013,6,10.5,10.3,-69.9,80.3,-9.6,-10,0.6,2.1,1,40721,16.9,373,0.031,9155,2.2,3,0.003,4.41,3.73,1.08,57,67
25/06/2013,11:12:05,-102.5,29/06/2013,8,10.8,10.6,-62.6,106.6,-9.4,-10.2,0.6,2,0.8,70702,13.2,391,0.029,12719,1.9,10,0.004,3.76,3.99,0.94,57,67
28/06/2013,02:00:05,-102.5,,,,,,,,,,,,,,,,,,,,,,,,
22/07/2013,06:24:05,-22.5,26/07/2013,21,5.1,3.9,18.1,105.8,1.2,1,0.7,3.4,2,157002,3.1,548,0.044,36344,0.3,13,0.006,1.83,-0.55,1.41,17,6
16/08/2013,11:48:05,-40,,,,,,,,,,,,,,,,,,,,,,,,
17/08/2013,19:12:06,-27.5,,,,,,,,,,,,,,,,,,,,,,,,
19/08/2013,23:12:11,-40,23/08/2013,2,4.6,3.1,-20.8,127.8,-1.1,-1.7,0.5,3.3,2.7,178742,5.8,540,0.043,9469,0.4,6,0.003,3.31,0.92,3.5,43,32
20/08/2013,08:12:05,-40,,,,,,,,,,,,,,,,,,,,,,,,
30/08/2013,02:48:05,-42.5,,,,,,,,,,,,,,,,,,,,,,,,
04/09/2013,13:25:51,-20,06/09/2013,22,4.8,4.5,-50.2,293.5,-3.4,-2.7,0.1,1.5,0.6,42278,2.9,401,0.039,6273,0.2,6,0.006,0.9,1.08,0.89,17,6
24/09/2013,20:36:05,-22.5,24/09/2013,22,4.1,3.5,-7,326.2,-0.4,0.1,0.2,2,1.7,94950,3.3,433,0.053,9883,0.3,5,0.005,1.25,-0.04,1.82,13,5
29/09/2013,22:12:05,-72.5,02/10/2013,7,17.9,16.5,-26,263.7,-7.2,1.1,2.4,6.8,5,305093,18.1,609,0.03,47502,2.6,10,0.003,12.56,-0.67,1.02,57,67
05/10/2013,07:09:51,-70,09/10/2013,1,8.1,4.9,6.1,118.3,0.5,-0.7,0.9,6,2.5,335321,6.7,549,9.999,70582,1.8,34,9.999,4.04,0.38,1.97,50,48
11/10/2013,07:24:10,-50,15/10/2013,3,8.1,7.5,24.3,141.3,3.1,1.5,0.7,2.9,2.2,305763,6.2,518,0.087,36825,0.5,7,0.01,3.75,-0.78,1.71,40,27
25/10/2013,08:12:05,-55,30/10/2013,23,8.8,8.6,-17.8,333.2,-2.6,-2,0.6,2.1,1.8,73719,7.5,335,0.056,8363,1.4,8,0.017,1.72,0.67,0.81,40,27
25/10/2013,15:12:09,-55,,,,,,,,,,,,,,,,,,,,,,,,
26/10/2013,11:24:05,-55,,,,,,,,,,,,,,,,,,,,,,,,
28/10/2013,02:24:05,-55,,,,,,,,,,,,,,,,,,,,,,,,
28/10/2013,15:36:05,-55,,,,,,,,,,,,,,,,,,,,,,,,
29/10/2013,22:00:06,-55,,,,,,,,,,,,,,,,,,,,,,,,
02/11/2013,04:48:05,-50,07/11/2013,12,9.9,6.7,49.1,150.4,5.1,3.6,0.5,7.3,1.7,60492,10.1,351,0.04,11723,4.2,4,0.016,2.41,-1.26,0.81,33,18
04/11/2013,05:12:05,-80,09/11/2013,8,10,7,-38.3,322.2,-4.3,-2.4,1.2,7.1,1.9,232309,6.6,462,0.068,44683,1,9,0.016,2.99,1.11,0.99,50,48
07/11/2013,00:00:06,-80,,,,,,,,,,,,,,,,,,,,,,,,
07/11/2013,10:36:05,-80,,,,,,,,,,,,,,,,,,,,,,,,
08/11/2013,03:24:07,-80,,,,,,,,,,,,,,,,,,,,,,,,
19/11/2013,10:36:05,-27.5,23/11/2013,11,7.4,6.9,-48.1,265,-5.2,-3.1,0.5,2.6,1.4,147229,7,354,9.999,16022,0.7,4,9.999,1.75,1.1,1.47,30,15
21/11/2013,01:36:07,-27.5,,,,,,,,,,,,,,,,,,,,,,,,
07/12/2013,07:36:05,-65,08/12/2013,8,5.4,4.6,6.7,150.7,0.5,-0.1,1.1,2.8,0.9,213615,3,622,9.999,147179,1.1,39,9.999,2.32,0.06,1.46,37,22
13/12/2013,21:24:05,-37.5,14/12/2013,17,8.1,7.4,-46.1,36.1,-5.3,-5.4,1,3.3,1.5,253456,5.7,493,9.999,58688,0.7,17,9.999,2.77,2.66,1.38,33,18
26/12/2013,03:24:05,-15,,,,,,,,,,,,,,,,,,,,,,,,
28/12/2013,17:36:06,-35,01/01/2014,15,12.5,10.7,14.3,133.4,2.6,2.8,0.9,6.4,3.4,248353,7.1,488,0.051,48321,1.7,33,0.01,3.4,-1.37,0.71,30,15
04/01/2014,21:22:38,-30,,,,,,,,,,,,,,,,,,,,,,,,
06/01/2014,08:00:05,-30,,,,,,,,,,,,,,,,,,,,,,,,
07/01/2014,18:24:05,-30,,,,,,,,,,,,,,,,,,,,,,,,
20/01/2014,15:24:05,-25,,,,,,,,,,,,,,,,,,,,,,,,
20/01/2014,22:00:05,-25,,,,,,,,,,,,,,,,,,,,,,,,
29/01/2014,00:36:05,-20,,,,,,,,,,,,,,,,,,,,,,,,
30/01/2014,08:24:05,-20,,,,,,,,,,,,,,,,,,,,,,,,
30/01/2014,16:24:05,-20,,,,,,,,,,,,,,,,,,,,,,,,
09/02/2014,16:00:06,-40,,,,,,,,,,,,,,,,,,,,,,,,
12/02/2014,06:00:05,-25,,,,,,,,,,,,,,,,,,,,,,,,
12/02/2014,23:06:13,-25,,,,,,,,,,,,,,,,,,,,,,,,
14/02/2014,08:48:26,-125,19/02/2014,8,18.4,18.3,-33.1,62.5,-10,-6.8,0.4,1.7,1.1,68583,9.8,454,0.021,8537,1.8,4,0.008,3.66,3.09,0.24,63,94
18/02/2014,01:36:21,-125,,,,,,,,,,,,,,,,,,,,,,,,
19/02/2014,04:48:05,-125,,,,,,,,,,,,,,,,,,,,,,,,
20/02/2014,03:12:09,-90,,,,,,,,,,,,,,,,,,,,,,,,
20/02/2014,08:00:07,-90,,,,,,,,,,,,,,,,,,,,,,,,
21/02/2014,16:00:05,-70,,,,,,,,,,,,,,,,,,,,,,,,
25/02/2014,01:25:50,-95,27/02/2014,23,16.1,15.8,-2.6,319.3,-0.7,-6,0.6,3.1,2.9,135943,9.9,455,0.059,14321,1.2,4,0.011,4.23,2.73,0.42,53,56
04/03/2014,18:48:05,-15,06/03/2014,16,4.1,3.8,-4.6,206.7,-0.3,-0.9,0.1,1.4,0.8,113454,1.8,457,0.029,15881,0.3,10,0.002,0.7,0.41,1.08,17,6
05/03/2014,09:24:05,-12.5,08/03/2014,1,3.1,2.9,-6.1,142,-0.3,0.7,0,1,0.9,45015,1.5,387,0.04,7374,0.1,6,0.004,0.44,-0.27,1.13,7,3
05/03/2014,13:48:05,-12.5,,,,,,,,,,,,,,,,,,,,,,,,
12/03/2014,14:48:05,-47.5,,,,,,,,,,,,,,,,,,,,,,,,
20/03/2014,04:36:06,-22.5,21/03/2014,10,5,4.6,-7.3,269,-0.6,-1.7,0.7,2.1,1.5,31268,17.1,339,0.012,10609,2.6,4,0.006,3.44,0.58,4.54,23,9
23/03/2014,03:36:05,-20,26/03/2014,8,7.5,6.9,19.3,133.5,2.3,3.5,0.5,2.7,1.7,90993,7,423,0.032,17379,1.2,8,0.003,2.36,-1.48,1.14,37,22
29/03/2014,18:12:05,-25,,,,,,,,,,,,,,,,,,,,,,,,
02/04/2014,13:36:20,-17.5,08/04/2014,20,4.9,4.3,52.2,313.1,3.4,2,0.7,2.3,1.2,189558,2,423,0.03,36129,0.4,15,0.004,0.67,-0.85,1.1,7,3
08/04/2014,23:12:12,-87.5,12/04/2014,9,9.2,8.9,-40.6,245.9,-5.8,-7,0.3,2.4,0.8,24879,12.5,341,0.05,2169,1,3,0.008,2.91,2.39,0.94,27,12
18/04/2014,13:25:51,-22.5,21/04/2014,3,6.8,6.3,-18.7,79.8,-2,0.5,0.5,2.6,1.6,178206,5.2,611,0.045,8780,0.5,8,0.004,3.83,-0.31,1.43,40,27
07/05/2014,16:24:05,-50,08/05/2014,8,10,9.1,-58,288.5,-7.7,-8.3,1.3,4.2,3.3,36993,10.6,338,0.017,7417,3.9,8,0.004,2.16,2.81,0.73,33,18
08/05/2014,03:24:05,-50,,,,,,,,,,,,,,,,,,,,,,,,
09/05/2014,02:48:05,-37.5,,,,,,,,,,,,,,,,,,,,,,,,
10/05/2014,04:36:05,-35,,,,,,,,,,,,,,,,,,,,,,,,
04/06/2014,12:48:05,-47.5,,,,,,,,,,,,,,,,,,,,,,,,
06/06/2014,13:48:05,-47.5,,,,,,,,,,,,,,,,,,,,,,,,
10/06/2014,13:30:23,-15,,,,,,,,,,,,,,,,,,,,,,,,
17/06/2014,09:12:09,-32.5,18/06/2014,22,9.1,7.4,-51.3,283.5,-5.7,-6.5,0.5,5.2,3.1,143883,8.6,444,0.036,19205,1,16,0.007,3.24,2.89,1.18,47,39
08/07/2014,16:36:05,-32.5,,,,,,,,,,,,,,,,,,,,,,,,
01/08/2014,18:36:05,-37.5,,,,,,,,,,,,,,,,,,,,,,,,
12/08/2014,05:36:05,-20,,,,,,,,,,,,,,,,,,,,,,,,
15/08/2014,17:48:07,-15,,,,,,,,,,,,,,,,,,,,,,,,
22/08/2014,11:12:05,-65,,,,,,,,,,,,,,,,,,,,,,,,
24/08/2014,12:36:05,-75,27/08/2014,18,11.4,10.7,-44.5,101.6,-7.5,-9.3,1.3,4.2,0.9,105920,17.9,316,0.013,24508,6.5,5,0.007,3.14,2.94,1.34,40,27
25/08/2014,15:36:05,-75,,,,,,,,,,,,,,,,,,,,,,,,
28/08/2014,17:24:05,-75,,,,,,,,,,,,,,,,,,,,,,,,
01/09/2014,11:12:05,-27.5,04/09/2014,6,4.3,3.5,8.5,140.7,0.5,-0.5,0.1,2.5,1.1,70628,4,402,0.061,8424,0.3,8,0.008,1.34,0.2,1.79,13,5
01/09/2014,22:24:05,-27.5,,,,,,,,,,,,,,,,,,,,,,,,
09/09/2014,00:06:26,-75,12/09/2014,23,31.7,31.5,28.3,295,14.9,20.4,0.5,3.5,2.3,95253,4.8,725,0.131,21164,1.4,12,0.021,6.42,-14.79,0.04,63,94
10/09/2014,18:00:05,-75,,,,,,,,,,,,,,,,,,,,,,,,
22/09/2014,08:48:06,-37.5,24/09/2014,2,7,5.4,-57.3,157.9,-4.5,-4.6,0.4,4.4,1.4,62320,6.5,401,0.053,8864,0.7,12,0.01,2.12,1.84,1.05,37,22
23/09/2014,07:24:05,-37.5,26/09/2014,15,5.7,5.4,0.8,121.9,0.1,-1.9,0.8,1.9,1,98729,6.3,452,9.999,27447,0.6,9,9.999,2.57,0.86,1.83,33,18
24/09/2014,21:30:06,-37.5,,,,,,,,,,,,,,,,,,,,,,,,
26/09/2014,04:28:16,-35,27/09/2014,5,5.7,5.1,-23.6,128.6,-2,-3.4,0.1,2.2,1,71388,6.6,424,9.999,17217,0.7,7,9.999,2.37,1.44,1.69,40,27
14/10/2014,18:48:06,-50,20/10/2014,13,8.3,7.7,-16.6,162.6,-2.2,-3,0.3,3.1,2.7,157683,5.3,514,9.999,19026,0.4,8,9.999,2.8,1.54,0.92,33,18
13/12/2014,14:24:05,-22.5,,,,,,,,,,,,,,,,,,,,,,,,
17/12/2014,05:00:05,-62.5,,,,,,,,,,,,,,,,,,,,,,,,
19/12/2014,01:04:42,-62.5,22/12/2014,5,13.7,13.2,3.1,118,0.7,0.3,0.3,3.4,3.1,36245,21.5,386,0.047,10150,2.2,6,0.013,6.36,-0.12,0.78,53,56
21/12/2014,12:12:05,-62.5,,,,,,,,,,,,,,,,,,,,,,,,
09/02/2015,23:24:05,-20,10/02/2015,9,5.9,5.7,11,136.5,1.1,1.8,0,1.6,1.4,35790,3.1,374,0.038,5239,0.2,7,0.003,0.83,-0.64,0.61,3,2
21/02/2015,09:24:07,-55,24/02/2015,7,9.7,8.5,1.1,139.8,0.2,1.8,0.5,4.5,3.9,197257,9.4,473,0.034,20545,0.7,11,0.005,3.99,-0.8,1.35,40,27
28/02/2015,04:24:05,-55,01/03/2015,8,7.9,6.7,30.3,333.8,3.4,2.5,1.5,4.2,1.6,177661,7.8,540,0.057,26569,1.2,12,0.012,4.66,-1.46,1.59,53,56
28/02/2015,21:36:05,-55,,,,,,,,,,,,,,,,,,,,,,,,
07/03/2015,22:12:05,-17.5,,,,,,,,,,,,,,,,,,,,,,,,
10/03/2015,00:00:05,-15,13/03/2015,18,7.7,7.1,9.8,145.2,1.2,2.7,0.1,2.6,1.8,88130,6.4,393,0.063,19767,0.8,9,0.014,2.07,-1.14,0.97,10,4
10/03/2015,03:36:05,-15,,,,,,,,,,,,,,,,,,,,,,,,
15/03/2015,01:48:05,-222.6506024,17/03/2015,22,20.1,18.8,-43,230.3,-12.8,-16.5,0.2,6.9,3.4,53501,8.2,558,0.042,16747,1.5,9,0.015,4.98,9.21,0.15,77,179
24/03/2015,08:24:05,-35,25/03/2015,2,5.1,4.3,23.1,142.5,1.7,2.7,0.5,2.7,2,128665,4,549,0.054,15189,0.2,9,0.006,2.45,-1.48,1.64,20,7
14/04/2015,02:36:05,-80,16/04/2015,7,6.9,6.7,-22.2,355.2,-2.5,-2.6,0.2,1.2,0.6,183075,3.2,575,0.054,18598,0.2,6,0.006,2.15,1.44,0.87,47,39
19/04/2015,21:12:08,-27.5,,,,,,,,,,,,,,,,,,,,,,,,
23/04/2015,09:36:05,-30,,,,,,,,,,,,,,,,,,,,,,,,
25/04/2015,14:48:05,-30,,,,,,,,,,,,,,,,,,,,,,,,
26/04/2015,03:24:05,-30,,,,,,,,,,,,,,,,,,,,,,,,
01/05/2015,18:12:06,-27.5,,,,,,,,,,,,,,,,,,,,,,,,
02/05/2015,20:24:05,-27.5,,,,,,,,,,,,,,,,,,,,,,,,
03/05/2015,03:48:06,-27.5,,,,,,,,,,,,,,,,,,,,,,,,
04/05/2015,03:12:10,-27.5,,,,,,,,,,,,,,,,,,,,,,,,
04/05/2015,09:48:05,-27.5,,,,,,,,,,,,,,,,,,,,,,,,
05/05/2015,22:24:05,-30,,,,,,,,,,,,,,,,,,,,,,,,
13/05/2015,18:48:05,-75,13/05/2015,19,5.2,5,-30.2,282,-2.5,-3.8,0.1,1.3,0.9,128571,2.1,716,0.037,10743,0.2,15,0.004,2.06,2.79,0.83,50,48
21/05/2015,22:24:06,-17.5,,,,,,,,,,,,,,,,,,,,,,,,
01/06/2015,13:48:05,-15,,,,,,,,,,,,,,,,,,,,,,,,
18/06/2015,17:24:24,-202.4096386,23/06/2015,4,23.1,23,-64.8,40,-20.8,-20.6,0.4,2.1,0.7,211463,2.8,702,0.088,22026,0.5,21,0.014,3.12,14.6,0.07,77,179
19/06/2015,06:42:50,-202.4096386,,,,,,,,,,,,,,,,,,,,,,,,
21/06/2015,02:36:05,-202.4096386,,,,,,,,,,,,,,,,,,,,,,,,
22/06/2015,18:36:05,-202.4096386,,,,,,,,,,,,,,,,,,,,,,,,
25/06/2015,08:36:05,-85,25/06/2015,16,3.1,1.4,-9.2,304.6,-0.2,-0.1,0.8,2.8,1.6,71606,2.7,591,0.124,16258,0.6,7,0.029,2.36,0.06,2.34,43,32
01/07/2015,14:36:04,-67.5,04/07/2015,22,13.5,12.8,-10.3,320,-2.3,-2.9,1.2,4.3,2.2,433800,9,545,0.047,82670,1.6,27,0.019,5.3,1.64,1.15,50,48
20/09/2015,18:12:04,-75,,,,,,,,,,,,,,,,,,,,,,,,
22/10/2015,03:12:07,-12.5,,,,,,,,,,,,,,,,,,,,,,,,
02/11/2015,20:24:04,-90,07/11/2015,6,9.7,4.6,-66.7,358.9,-4.2,-3.9,1.3,8.5,6.3,159235,6.4,598,0.06,42640,2.2,15,0.032,4.74,2.33,0.81,60,80
04/11/2015,14:48:04,-90,,,,,,,,,,,,,,,,,,,,,,,,
29/11/2015,07:48:04,-42.5,30/11/2015,11,8.2,8.1,-8.7,152.2,-1.2,-2.4,0.4,1.4,1,192395,5.9,523,0.041,30378,0.8,3,0.004,3.14,1.26,1.17,37,22
16/12/2015,14:24:04,-155,20/12/2015,22,18.7,18.7,-72.2,200.4,-17.8,-17.9,0.5,1.7,0.5,11901,6.6,415,9.999,1890,2.8,3,9.999,2.27,7.43,0.11,63,94
28/12/2015,12:12:05,-117.5,01/01/2016,0,15,15,-70,343.2,-14.1,-14,0.1,1.3,0.5,32589,2,463,0.057,3472,0.4,4,0.008,0.88,6.48,0.06,60,80
01/01/2016,23:24:04,-117.5,,,,,,,,,,,,,,,,,,,,,,,,
06/01/2016,14:00:04,-30,,,,,,,,,,,,,,,,,,,,,,,,
14/01/2016,23:24:05,-25,15/01/2016,2,4,2.4,69.4,353.3,2.3,2.1,0.2,3.1,1.9,76828,2.7,445,0.038,8505,0.1,9,0.003,1.03,-0.98,1.44,20,7
11/02/2016,21:17:32,-55,16/02/2016,19,8.9,7.4,-13.2,326.6,-1.7,-3.2,0.4,4.5,2.8,282832,7.5,611,0.044,27995,0.5,8,0.006,5.5,2.02,1.62,53,56
20/02/2016,14:24:04,-30,,,,,,,,,,,,,,,,,,,,,,,,
21/02/2016,12:00:04,-20,21/02/2016,20,6.2,5.9,-35,13.5,-3.4,-2.5,0.2,2.1,0.6,32892,6.8,331,0.024,7427,1.5,5,0.005,1.36,0.83,1.19,17,6
10/04/2017,23:12:12,-25,,,,,,,,,,,,,,,,,,,,,,,,
18/04/2017,19:48:05,-50,22/04/2017,16,5.2,3.3,-41.8,11,-2.2,-2,0.5,3.9,2.7,228533,3.3,717,0.053,22456,0.4,17,0.004,3.43,1.36,1.81,47,39
14/07/2017,01:25:41,-72.5,16/07/2017,15,16.1,15.5,-33.1,86.8,-8.5,-11.8,0.8,3.9,2.3,275741,3.1,448,0.114,197589,1.2,22,0,1.51,5.11,0.2,53,56
23/07/2017,04:48:05,-30,23/07/2017,7,6.1,5.8,-9,140.9,-0.9,-1.9,0.2,2,1.2,112126,3.2,527,0.042,18484,0.3,13,0.005,1.73,1.05,0.86,27,12
04/09/2017,20:36:05,-142.5,08/09/2017,1,21,19.5,-70.5,293.8,-18.4,-16.3,4.5,8.4,5.5,1870000,3.4,678,0.077,1070000,1,16,0.035,3.41,10.92,0.64,80,207
06/09/2017,12:24:05,-142.5,,,,,,,,,,,,,,,,,,,,,,,,
10/09/2017,16:00:05,-52.5,10/09/2017,0,5,4.9,10.5,350.8,0.9,1,0.1,0.9,0.4,28323,0.3,508,0.053,4333,0,5,0,0.16,-0.56,0.08,0,0
17/09/2017,12:00:06,-42.5,18/09/2017,8,5.1,3.7,41,154.4,2.4,1.5,0.5,3.4,1.5,207240,4,633,0.051,15111,0.3,7,0.006,3.22,-0.89,2.15,40,27
18/10/2017,05:48:05,-27.5,19/10/2017,18,8,7.2,-6.7,125.7,-0.8,-2.6,0.6,3.2,3,161737,9.5,433,0.062,20590,0.6,8,0.007,3.71,1.04,1.79,27,12
12/02/2018,01:25:18,-27.5,17/02/2018,9,6.3,6.2,-11.8,328.6,-1.3,-1.9,0.1,1.3,0.7,128306,5.9,467,0.054,10118,0.3,2,0.005,2.61,0.89,1.59,13,5
30/04/2019,14:48:05,-30,02/05/2019,4,3.6,2.8,-14.6,309.8,-0.7,-1.4,0.6,2.3,2,145695,3,554,0.015,17291,0.2,7,0.002,1.63,0.72,2.64,33,18
24/11/2020,13:25:46,-102.5,,,,,,,,,,,,,,,,,,,,,,,,
29/11/2020,13:25:49,-102.5,,,,,,,,,,,,,,,,,,,,,,,,
07/12/2020,16:24:06,-102.5,,,,,,,,,,,,,,,,,,,,,,,,
11/12/2020,00:24:05,-102.5,,,,,,,,,,,,,,,,,,,,,,,,
22/05/2021,08:48:05,-27.5,,,,,,,,,,,,,,,,,,,,,,,,
13/07/2021,19:00:05,-35,,,,,,,,,,,,,,,,,,,,,,,,
15/07/2021,21:36:05,-35,,,,,,,,,,,,,,,,,,,,,,,,
17/07/2021,05:24:05,-30,,,,,,,,,,,,,,,,,,,,,,,,
26/08/2021,18:48:06,-82.5,,,,,,,,,,,,,,,,,,,,,,,,
18/09/2021,03:12:11,-35,24/09/2020,9,6.4,5.3,8.1,128.6,0.8,-1.5,0.5,3.6,3,278326,5.3,515,0.076,28028,0.3,4,0.012,3.06,0.77,2.19,37,22
